"Normalised specific absorption of phytoplankton after Morel 1991, chlorophyll-A and -B after Frigaard et al. 1996",,,,
lambda (nm),"a_P,Morel",lambda [nm],a_chl-a,a_chl-b
360,0.7232143,250.7,0.429422,0.380487
365,0.7276786,251.5,0.425205,0.376813
370,0.7366071,252.3,0.419475,0.371765
375,0.7544643,253.2,0.412211,0.365292
380,0.7723214,254.0,0.403494,0.357425
385,0.7879464,254.8,0.393514,0.348284
390,0.8013393,255.7,0.382570,0.338082
395,0.8191964,256.5,0.371066,0.327126
400,0.8482143,257.3,0.359498,0.315803
405,0.8816964,258.2,0.348442,0.304580
410,0.8995536,259.0,0.337989,0.293516
415,0.9308036,259.8,0.328368,0.282797
420,0.9575893,260.6,0.319720,0.272548
425,0.9799107,261.5,0.312097,0.262833
430,1.0000000,262.3,0.305464,0.253653
435,1.0089286,263.1,0.299711,0.244960
440,1.0000000,264.0,0.294679,0.236675
445,0.9732143,264.8,0.290192,0.228714
450,0.9352679,265.6,0.286093,0.221022
455,0.9040179,266.4,0.282225,0.213545
460,0.8750000,267.3,0.278458,0.206259
465,0.8459821,268.1,0.274695,0.199164
470,0.8102679,268.9,0.270880,0.192295
475,0.7745536,269.8,0.266994,0.185710
480,0.7433036,270.6,0.263049,0.179487
485,0.7187500,271.4,0.259084,0.173710
490,0.6964286,272.2,0.255151,0.168468
495,0.6629464,273.1,0.251315,0.163840
500,0.6116071,273.9,0.247640,0.159895
505,0.5491071,274.7,0.244189,0.156682
510,0.4821429,275.6,0.241014,0.154228
515,0.4241071,276.4,0.238156,0.152538
520,0.3750000,277.2,0.235644,0.151595
525,0.3370536,278.0,0.233493,0.151364
530,0.3058036,278.9,0.231709,0.151793
535,0.2790179,279.7,0.230286,0.152817
540,0.2566964,280.5,0.229213,0.154368
545,0.2366071,281.3,0.228473,0.156371
550,0.2187500,282.2,0.228044,0.158754
555,0.2008929,283.0,0.227905,0.161449
560,0.1875000,283.8,0.228030,0.164394
565,0.1741071,284.7,0.228397,0.167536
570,0.1629464,285.5,0.228983,0.170833
575,0.1517857,286.3,0.229763,0.174249
580,0.1428571,287.1,0.230715,0.177760
585,0.1361607,288.0,0.231816,0.181349
590,0.1294643,288.8,0.233043,0.185008
595,0.1227679,289.6,0.234370,0.188732
600,0.1183036,290.5,0.235773,0.192525
605,0.1183036,291.3,0.237228,0.196390
610,0.1205357,292.1,0.238707,0.200334
615,0.1272321,292.9,0.240185,0.204364
620,0.1316964,293.8,0.241639,0.208488
625,0.1361607,294.6,0.243044,0.212712
630,0.1406250,295.4,0.244380,0.217038
635,0.1428571,296.2,0.245630,0.221469
640,0.1428571,297.1,0.246781,0.226001
645,0.1473214,297.9,0.247823,0.230627
650,0.1584821,298.7,0.248754,0.235337
655,0.1875000,299.6,0.249575,0.240112
660,0.2366071,300.4,0.250294,0.244929
665,0.3035714,301.2,0.250922,0.249761
670,0.3593750,302.0,0.251479,0.254571
675,0.3794643,302.9,0.251987,0.259320
680,0.3437500,303.7,0.252470,0.263962
685,0.2633929,304.5,0.252959,0.268447
690,0.1718750,305.3,0.253484,0.272724
695,0.1026786,306.2,0.254078,0.276740
700,0.0602679,307.0,0.254773,0.280443
,,307.8,0.255603,0.283785
,,308.6,0.256599,0.286723
,,309.5,0.257789,0.289222
,,310.3,0.259203,0.291255
,,311.1,0.260863,0.292808
,,312.0,0.262792,0.293878
,,312.8,0.265008,0.294473
,,313.6,0.267526,0.294617
,,314.4,0.270357,0.294343
,,315.3,0.273509,0.293696
,,316.1,0.276986,0.292732
,,316.9,0.280789,0.291513
,,317.7,0.284915,0.290107
,,318.6,0.289358,0.288586
,,319.4,0.294106,0.287021
,,320.2,0.299143,0.285482
,,321.0,0.304449,0.284036
,,321.9,0.309997,0.282741
,,322.7,0.315754,0.281651
,,323.5,0.321679,0.280807
,,324.3,0.327728,0.280244
,,325.2,0.333845,0.279984
,,326.0,0.339970,0.280038
,,326.8,0.346038,0.280409
,,327.6,0.351977,0.281090
,,328.5,0.357710,0.282065
,,329.3,0.363163,0.283311
,,330.1,0.368257,0.284798
,,331.0,0.372918,0.286491
,,331.8,0.377079,0.288352
,,332.6,0.380678,0.290338
,,333.4,0.383664,0.292404
,,334.3,0.386000,0.294504
,,335.1,0.387664,0.296588
,,335.9,0.388648,0.298607
,,336.7,0.388964,0.300510
,,337.6,0.388643,0.302248
,,338.4,0.387731,0.303770
,,339.2,0.386295,0.305029
,,340.0,0.384417,0.305982
,,340.9,0.382193,0.306588
,,341.7,0.379730,0.306815
,,342.5,0.377145,0.306638
,,343.3,0.374558,0.306040
,,344.2,0.372090,0.305018
,,345.0,0.369859,0.303578
,,345.8,0.367974,0.301738
,,346.6,0.366534,0.299529
,,347.5,0.365623,0.296989
,,348.3,0.365308,0.294167
,,349.1,0.365639,0.291117
,,349.9,0.366644,0.287900
,,350.8,0.368335,0.284572
,,351.6,0.370705,0.281194
,,352.4,0.373732,0.277818
,,353.2,0.377383,0.274492
,,354.1,0.381614,0.271254
,,354.9,0.386377,0.268137
,,355.7,0.391624,0.265160
,,356.5,0.397307,0.262335
,,357.4,0.403382,0.259666
,,358.2,0.409813,0.257150
,,359.0,0.416569,0.254777
,,359.8,0.423627,0.252535
,,360.6,0.430970,0.250407
,,361.5,0.438585,0.248379
,,362.3,0.446460,0.246433
,,363.1,0.454585,0.244557
,,363.9,0.462943,0.242738
,,364.8,0.471514,0.240965
,,365.6,0.480269,0.239232
,,366.4,0.489169,0.237532
,,367.2,0.498168,0.235861
,,368.1,0.507210,0.234215
,,368.9,0.516230,0.232592
,,369.7,0.525162,0.230986
,,370.5,0.533932,0.229392
,,371.4,0.542470,0.227804
,,372.2,0.550708,0.226213
,,373.0,0.558583,0.224608
,,373.8,0.566040,0.222975
,,374.7,0.573035,0.221300
,,375.5,0.579533,0.219566
,,376.3,0.585511,0.217755
,,377.1,0.590958,0.215849
,,378.0,0.595869,0.213827
,,378.8,0.600253,0.211672
,,379.6,0.604124,0.209365
,,380.4,0.607503,0.206889
,,381.2,0.610418,0.204229
,,382.1,0.612902,0.201375
,,382.9,0.614993,0.198316
,,383.7,0.616736,0.195049
,,384.5,0.618181,0.191573
,,385.4,0.619384,0.187892
,,386.2,0.620412,0.184017
,,387.0,0.621336,0.179963
,,387.8,0.622237,0.175751
,,388.7,0.623205,0.171410
,,389.5,0.624335,0.166973
,,390.3,0.625731,0.162477
,,391.1,0.627498,0.157965
,,391.9,0.629745,0.153485
,,392.8,0.632579,0.149084
,,393.6,0.636101,0.144813
,,394.4,0.640407,0.140720
,,395.2,0.645575,0.136855
,,396.1,0.651672,0.133260
,,396.9,0.658740,0.129977
,,397.7,0.666799,0.127038
,,398.5,0.675844,0.124473
,,399.3,0.685839,0.122302
,,400.2,0.696718,0.120540
,,401.0,0.708388,0.119195
,,401.8,0.720724,0.118267
,,402.6,0.733579,0.117757
,,403.5,0.746783,0.117656
,,404.3,0.760151,0.117959
,,405.1,0.773488,0.118657
,,405.9,0.786598,0.119743
,,406.7,0.799292,0.121215
,,407.6,0.811395,0.123072
,,408.4,0.822756,0.125320
,,409.2,0.833253,0.127966
,,410.0,0.842802,0.131028
,,410.9,0.851359,0.134522
,,411.7,0.858927,0.138473
,,412.5,0.865552,0.142904
,,413.3,0.871327,0.147844
,,414.1,0.876385,0.153316
,,415.0,0.880896,0.159345
,,415.8,0.885056,0.165951
,,416.6,0.889081,0.173145
,,417.4,0.893191,0.180937
,,418.3,0.897601,0.189323
,,419.1,0.902507,0.198293
,,419.9,0.908069,0.207826
,,420.7,0.914404,0.217892
,,421.5,0.921567,0.228451
,,422.4,0.929547,0.239453
,,423.2,0.938259,0.250840
,,424.0,0.947536,0.262547
,,424.8,0.957136,0.274503
,,425.6,0.966739,0.286635
,,426.5,0.975961,0.298868
,,427.3,0.984361,0.311127
,,428.1,0.991462,0.323343
,,428.9,0.996765,0.335454
,,429.8,0.999770,0.347406
,,430.6,1.000000,0.359158
,,431.4,0.997019,0.370687
,,432.2,0.990454,0.381983
,,433.0,0.980010,0.393057
,,433.9,0.965484,0.403942
,,434.7,0.946779,0.414690
,,435.5,0.923902,0.425373
,,436.3,0.896970,0.436084
,,437.1,0.866206,0.446931
,,438.0,0.831926,0.458037
,,438.8,0.794532,0.469537
,,439.6,0.754495,0.481567
,,440.4,0.712334,0.494266
,,441.2,0.668607,0.507766
,,442.1,0.623883,0.522188
,,442.9,0.578728,0.537635
,,443.7,0.533692,0.554186
,,444.5,0.489287,0.571895
,,445.3,0.445983,0.590783
,,446.2,0.404192,0.610836
,,447.0,0.364266,0.632006
,,447.8,0.326489,0.654209
,,448.6,0.291083,0.677323
,,449.5,0.258199,0.701197
,,450.3,0.227930,0.725647
,,451.1,0.200310,0.750465
,,451.9,0.175321,0.775422
,,452.7,0.152902,0.800270
,,453.6,0.132955,0.824753
,,454.4,0.115352,0.848607
,,455.2,0.099943,0.871567
,,456.0,0.086563,0.893370
,,456.8,0.075038,0.913762
,,457.7,0.065193,0.932496
,,458.5,0.056850,0.949341
,,459.3,0.049839,0.964079
,,460.1,0.043997,0.976513
,,460.9,0.039172,0.986464
,,461.7,0.035223,0.993778
,,462.6,0.032020,0.998324
,,463.4,0.029448,1.000000
,,464.2,0.027402,0.998731
,,465.0,0.025789,0.994473
,,465.8,0.024530,0.987214
,,466.7,0.023553,0.976976
,,467.5,0.022796,0.963814
,,468.3,0.022208,0.947814
,,469.1,0.021744,0.929099
,,469.9,0.021366,0.907817
,,470.8,0.021043,0.884149
,,471.6,0.020750,0.858298
,,472.4,0.020468,0.830490
,,473.2,0.020181,0.800968
,,474.0,0.019879,0.769987
,,474.9,0.019555,0.737813
,,475.7,0.019209,0.704713
,,476.5,0.018841,0.670956
,,477.3,0.018457,0.636806
,,478.1,0.018065,0.602520
,,479.0,0.017676,0.568340
,,479.8,0.017303,0.534496
,,480.6,0.016960,0.501199
,,481.4,0.016661,0.468642
,,482.2,0.016420,0.436995
,,483.0,0.016250,0.406406
,,483.9,0.016160,0.376998
,,484.7,0.016157,0.348874
,,485.5,0.016243,0.322109
,,486.3,0.016417,0.296761
,,487.1,0.016672,0.272861
,,488.0,0.016999,0.250425
,,488.8,0.017384,0.229451
,,489.6,0.017811,0.209921
,,490.4,0.018262,0.191804
,,491.2,0.018720,0.175061
,,492.1,0.019169,0.159642
,,492.9,0.019592,0.145495
,,493.7,0.019979,0.132560
,,494.5,0.020320,0.120777
,,495.3,0.020610,0.110083
,,496.1,0.020848,0.100416
,,497.0,0.021036,0.091713
,,497.8,0.021179,0.083911
,,498.6,0.021283,0.076947
,,499.4,0.021357,0.070761
,,500.2,0.021410,0.065291
,,501.1,0.021451,0.060478
,,501.9,0.021488,0.056263
,,502.7,0.021530,0.052590
,,503.5,0.021584,0.049403
,,504.3,0.021656,0.046649
,,505.1,0.021751,0.044279
,,506.0,0.021875,0.042245
,,506.8,0.022030,0.040506
,,507.6,0.022222,0.039022
,,508.4,0.022454,0.037759
,,509.2,0.022728,0.036687
,,510.0,0.023049,0.035781
,,510.9,0.023418,0.035018
,,511.7,0.023839,0.034380
,,512.5,0.024313,0.033854
,,513.3,0.024841,0.033428
,,514.1,0.025421,0.033093
,,514.9,0.026054,0.032841
,,515.8,0.026735,0.032666
,,516.6,0.027462,0.032565
,,517.4,0.028230,0.032532
,,518.2,0.029031,0.032564
,,519.0,0.029861,0.032659
,,519.9,0.030711,0.032812
,,520.7,0.031575,0.033022
,,521.5,0.032443,0.033286
,,522.3,0.033309,0.033601
,,523.1,0.034164,0.033966
,,523.9,0.035002,0.034379
,,524.8,0.035816,0.034838
,,525.6,0.036600,0.035343
,,526.4,0.037349,0.035891
,,527.2,0.038058,0.036482
,,528.0,0.038723,0.037114
,,528.8,0.039343,0.037785
,,529.7,0.039914,0.038492
,,530.5,0.040437,0.039234
,,531.3,0.040910,0.040006
,,532.1,0.041334,0.040805
,,532.9,0.041710,0.041626
,,533.7,0.042039,0.042464
,,534.6,0.042325,0.043313
,,535.4,0.042570,0.044168
,,536.2,0.042777,0.045021
,,537.0,0.042952,0.045868
,,537.8,0.043097,0.046702
,,538.6,0.043220,0.047516
,,539.5,0.043325,0.048306
,,540.3,0.043420,0.049068
,,541.1,0.043511,0.049797
,,541.9,0.043608,0.050491
,,542.7,0.043717,0.051148
,,543.5,0.043849,0.051767
,,544.3,0.044012,0.052350
,,545.2,0.044216,0.052896
,,546.0,0.044471,0.053409
,,546.8,0.044786,0.053891
,,547.6,0.045172,0.054346
,,548.4,0.045637,0.054775
,,549.2,0.046190,0.055183
,,550.1,0.046841,0.055572
,,550.9,0.047597,0.055944
,,551.7,0.048465,0.056302
,,552.5,0.049450,0.056646
,,553.3,0.050555,0.056977
,,554.1,0.051784,0.057295
,,555.0,0.053134,0.057599
,,555.8,0.054604,0.057889
,,556.6,0.056187,0.058163
,,557.4,0.057876,0.058421
,,558.2,0.059659,0.058661
,,559.0,0.061523,0.058881
,,559.8,0.063454,0.059082
,,560.7,0.065434,0.059262
,,561.5,0.067445,0.059423
,,562.3,0.069470,0.059565
,,563.1,0.071493,0.059689
,,563.9,0.073496,0.059799
,,564.7,0.075467,0.059898
,,565.6,0.077395,0.059990
,,566.4,0.079269,0.060081
,,567.2,0.081084,0.060177
,,568.0,0.082837,0.060286
,,568.8,0.084526,0.060416
,,569.6,0.086152,0.060577
,,570.4,0.087717,0.060777
,,571.3,0.089223,0.061029
,,572.1,0.090674,0.061342
,,572.9,0.092073,0.061730
,,573.7,0.093421,0.062201
,,574.5,0.094721,0.062769
,,575.3,0.095972,0.063445
,,576.1,0.097175,0.064237
,,577.0,0.098328,0.065155
,,577.8,0.099432,0.066207
,,578.6,0.100485,0.067399
,,579.4,0.101486,0.068734
,,580.2,0.102437,0.070214
,,581.0,0.103341,0.071836
,,581.8,0.104200,0.073597
,,582.7,0.105022,0.075487
,,583.5,0.105815,0.077495
,,584.3,0.106591,0.079607
,,585.1,0.107364,0.081805
,,585.9,0.108152,0.084067
,,586.7,0.108975,0.086370
,,587.5,0.109854,0.088689
,,588.4,0.110816,0.090998
,,589.2,0.111885,0.093268
,,590.0,0.113091,0.095472
,,590.8,0.114459,0.097583
,,591.6,0.116019,0.099576
,,592.4,0.117795,0.101426
,,593.2,0.119812,0.103113
,,594.1,0.122090,0.104618
,,594.9,0.124645,0.105926
,,595.7,0.127487,0.107025
,,596.5,0.130622,0.107905
,,597.3,0.134048,0.108563
,,598.1,0.137757,0.108997
,,598.9,0.141733,0.109208
,,599.7,0.145954,0.109203
,,600.6,0.150393,0.108988
,,601.4,0.155013,0.108575
,,602.2,0.159775,0.107977
,,603.0,0.164635,0.107209
,,603.8,0.169544,0.106290
,,604.6,0.174454,0.105238
,,605.4,0.179313,0.104074
,,606.3,0.184072,0.102819
,,607.1,0.188680,0.101497
,,607.9,0.193090,0.100129
,,608.7,0.197261,0.098740
,,609.5,0.201152,0.097352
,,610.3,0.204728,0.095989
,,611.1,0.207962,0.094673
,,611.9,0.210829,0.093426
,,612.8,0.213312,0.092269
,,613.6,0.215401,0.091222
,,614.4,0.217088,0.090307
,,615.2,0.218375,0.089543
,,616.0,0.219268,0.088950
,,616.8,0.219779,0.088548
,,617.6,0.219922,0.088361
,,618.4,0.219718,0.088410
,,619.3,0.219192,0.088722
,,620.1,0.218371,0.089324
,,620.9,0.217284,0.090249
,,621.7,0.215964,0.091532
,,622.5,0.214445,0.093211
,,623.3,0.212760,0.095330
,,624.1,0.210945,0.097934
,,624.9,0.209035,0.101074
,,625.8,0.207066,0.104802
,,626.6,0.205071,0.109169
,,627.4,0.203087,0.114228
,,628.2,0.201147,0.120029
,,629.0,0.199289,0.126617
,,629.8,0.197548,0.134028
,,630.6,0.195964,0.142291
,,631.4,0.194581,0.151420
,,632.3,0.193444,0.161414
,,633.1,0.192607,0.172253
,,633.9,0.192130,0.183897
,,634.7,0.192084,0.196284
,,635.5,0.192548,0.209327
,,636.3,0.193613,0.222913
,,637.1,0.195385,0.236906
,,637.9,0.197978,0.251147
,,638.8,0.201524,0.265454
,,639.6,0.206165,0.279630
,,640.4,0.212052,0.293462
,,641.2,0.219348,0.306729
,,642.0,0.228223,0.319209
,,642.8,0.238848,0.330681
,,643.6,0.251395,0.340938
,,644.4,0.266028,0.349788
,,645.2,0.282902,0.357063
,,646.1,0.302152,0.362624
,,646.9,0.323888,0.366367
,,647.7,0.348184,0.368222
,,648.5,0.375073,0.368160
,,649.3,0.404534,0.366190
,,650.1,0.436484,0.362358
,,650.9,0.470771,0.356745
,,651.7,0.507161,0.349461
,,652.5,0.545338,0.340646
,,653.4,0.584898,0.330455
,,654.2,0.625348,0.319061
,,655.0,0.666114,0.306644
,,655.8,0.706545,0.293387
,,656.6,0.745932,0.279473
,,657.4,0.783520,0.265077
,,658.2,0.818533,0.250369
,,659.0,0.850200,0.235505
,,659.8,0.877780,0.220630
,,660.7,0.900591,0.205877
,,661.5,0.918037,0.191364
,,662.3,0.929630,0.177196
,,663.1,0.935015,0.163467
,,663.9,0.933982,0.150255
,,664.7,0.926473,0.137629
,,665.5,0.912590,0.125642
,,666.3,0.892588,0.114338
,,667.1,0.866861,0.103746
,,668.0,0.835932,0.093884
,,668.8,0.800427,0.084759
,,669.6,0.761052,0.076367
,,670.4,0.718570,0.068692
,,671.2,0.673767,0.061711
,,672.0,0.627435,0.055392
,,672.8,0.580340,0.049698
,,673.6,0.533207,0.044587
,,674.4,0.486698,0.040013
,,675.2,0.441402,0.035930
,,676.1,0.397824,0.032292
,,676.9,0.356380,0.029055
,,677.7,0.317395,0.026178
,,678.5,0.281104,0.023620
,,679.3,0.247658,0.021347
,,680.1,0.217130,0.019326
,,680.9,0.189523,0.017531
,,681.7,0.164782,0.015935
,,682.5,0.142798,0.014518
,,683.3,0.123427,0.013259
,,684.2,0.106490,0.012142
,,685.0,0.091793,0.011151
,,685.8,0.079127,0.010273
,,686.6,0.068280,0.009495
,,687.4,0.059044,0.008806
,,688.2,0.051216,0.008196
,,689.0,0.044608,0.007656
,,689.8,0.039044,0.007178
,,690.6,0.034369,0.006754
,,691.4,0.030440,0.006378
,,692.3,0.027136,0.006044
,,693.1,0.024352,0.005746
,,693.9,0.021997,0.005479
,,694.7,0.019997,0.005239
,,695.5,0.018289,0.005021
,,696.3,0.016821,0.004821
,,697.1,0.015550,0.004634
,,697.9,0.014442,0.004457
,,698.7,0.013469,0.004285
,,699.5,0.012606,0.004115
,,700.3,0.011836,0.003944
,,701.2,0.011141,0.003771
,,702.0,0.010510,0.003594
,,702.8,0.009931,0.003412
,,703.6,0.009398,0.003226
,,704.4,0.008904,0.003037
,,705.2,0.008443,0.002847
,,706.0,0.008014,0.002659
,,706.8,0.007614,0.002474
,,707.6,0.007242,0.002297
,,708.4,0.006896,0.002130
,,709.2,0.006578,0.001976
,,710.1,0.006287,0.001838
,,710.9,0.006021,0.001716
,,711.7,0.005781,0.001612
,,712.5,0.005565,0.001527
,,713.3,0.005371,0.001459
,,714.1,0.005197,0.001409
,,714.9,0.005038,0.001375
,,715.7,0.004893,0.001354
,,716.5,0.004757,0.001344
,,717.3,0.004627,0.001342
,,718.1,0.004499,0.001346
,,718.9,0.004369,0.001352
,,719.8,0.004236,0.001358
,,720.6,0.004096,0.001360
,,721.4,0.003948,0.001356
,,722.2,0.003792,0.001344
,,723.0,0.003627,0.001322
,,723.8,0.003456,0.001288
,,724.6,0.003278,0.001242
,,725.4,0.003096,0.001182
,,726.2,0.002914,0.001110
,,727.0,0.002734,0.001024
,,727.8,0.002559,0.000927
,,728.6,0.002393,0.000820
,,729.4,0.002238,0.000704
,,730.3,0.002096,0.000583
,,731.1,0.001972,0.000458
,,731.9,0.001864,0.000333
,,732.7,0.001775,0.000210
,,733.5,0.001705,0.000094
,,734.3,0.001652,-0.000013
,,735.1,0.001615,-0.000109
,,735.9,0.001593,-0.000189
,,736.7,0.001583,-0.000253
,,737.5,0.001582,-0.000298
,,738.3,0.001587,-0.000324
,,739.1,0.001596,-0.000331
,,739.9,0.001604,-0.000320
,,740.8,0.001609,-0.000293
,,741.6,0.001608,-0.000253
,,742.4,0.001599,-0.000203
,,743.2,0.001580,-0.000148
,,744.0,0.001548,-0.000092
,,744.8,0.001503,-0.000040
,,745.6,0.001443,0.000002
,,746.4,0.001367,0.000031
,,747.2,0.001277,0.000042
,,748.0,0.001171,0.000033
,,748.8,0.001052,0.000001
,,749.6,0.000920,-0.000055
,,750.4,0.000776,-0.000135
,,751.2,0.000625,-0.000236
,,752.1,0.000467,-0.000356
,,752.9,0.000306,-0.000492
,,753.7,0.000146,-0.000639
,,754.5,-0.000010,-0.000791
,,755.3,-0.000158,-0.000943
,,756.1,-0.000296,-0.001089
,,756.9,-0.000419,-0.001225
,,757.7,-0.000524,-0.001345
,,758.5,-0.000609,-0.001445
,,759.3,-0.000672,-0.001523
,,760.1,-0.000710,-0.001575
,,760.9,-0.000722,-0.001602
,,761.7,-0.000707,-0.001601
,,762.5,-0.000664,-0.001575
,,763.3,-0.000595,-0.001525
,,764.1,-0.000499,-0.001452
,,765.0,-0.000379,-0.001361
,,765.8,-0.000238,-0.001253
,,766.6,-0.000079,-0.001134
,,767.4,0.000094,-0.001007
,,768.2,0.000274,-0.000876
,,769.0,0.000458,-0.000746
,,769.8,0.000638,-0.000620
,,770.6,0.000810,-0.000502
,,771.4,0.000969,-0.000395
,,772.2,0.001110,-0.000301
,,773.0,0.001231,-0.000222
,,773.8,0.001331,-0.000156
,,774.6,0.001409,-0.000105
,,775.4,0.001468,-0.000067
,,776.2,0.001509,-0.000040
,,777.0,0.001537,-0.000021
,,777.8,0.001556,-0.000010
,,778.7,0.001568,-0.000003
,,779.5,0.001577,0.000000
,,780.3,0.001585,-0.000001
,,781.1,0.001592,-0.000006
,,781.9,0.001596,-0.000018
,,782.7,0.001596,-0.000039
,,783.5,0.001588,-0.000074
,,784.3,0.001568,-0.000124
,,785.1,0.001532,-0.000195
,,785.9,0.001476,-0.000289
,,786.7,0.001398,-0.000408
,,787.5,0.001298,-0.000551
,,788.3,0.001175,-0.000718
,,789.1,0.001035,-0.000903
,,789.9,0.000881,-0.001104
,,790.7,0.000719,-0.001312
,,791.5,0.000558,-0.001522
,,792.3,0.000403,-0.001725
,,793.1,0.000263,-0.001915
,,794.0,0.000143,-0.002084
,,794.8,0.000046,-0.002229
,,795.6,-0.000024,-0.002346
,,796.4,-0.000067,-0.002435
,,797.2,-0.000086,-0.002494
,,798.0,-0.000083,-0.002529
,,798.8,-0.000064,-0.002541
,,799.6,-0.000035,-0.002535
,,800.4,0.000000,-0.002519
,,801.2,0.000033,-0.002495
,,802.0,0.000059,-0.002470
,,802.8,0.000076,-0.002447
,,803.6,0.000078,-0.002430
,,804.4,0.000066,-0.002421
,,805.2,0.000038,-0.002421
,,806.0,-0.000005,-0.002431
,,806.8,-0.000061,-0.002450
,,807.6,-0.000130,-0.002479
,,808.4,-0.000209,-0.002515
,,809.2,-0.000295,-0.002558
,,810.0,-0.000387,-0.002607
,,810.9,-0.000484,-0.002661
,,811.7,-0.000583,-0.002719
,,812.5,-0.000685,-0.002780
,,813.3,-0.000787,-0.002844
,,814.1,-0.000891,-0.002909
,,814.9,-0.000994,-0.002975
,,815.7,-0.001096,-0.003039
,,816.5,-0.001197,-0.003102
,,817.3,-0.001295,-0.003162
,,818.1,-0.001388,-0.003219
,,818.9,-0.001476,-0.003272
,,819.7,-0.001557,-0.003321
,,820.5,-0.001630,-0.003369
,,821.3,-0.001693,-0.003415
,,822.1,-0.001745,-0.003463
,,822.9,-0.001786,-0.003513
,,823.7,-0.001815,-0.003568
,,824.5,-0.001834,-0.003630
,,825.3,-0.001843,-0.003699
,,826.1,-0.001842,-0.003775
,,826.9,-0.001835,-0.003859
,,827.7,-0.001823,-0.003948
,,828.5,-0.001808,-0.004041
,,829.3,-0.001793,-0.004134
,,830.1,-0.001778,-0.004224
,,830.9,-0.001767,-0.004309
,,831.7,-0.001761,-0.004385
,,832.6,-0.001760,-0.004451
,,833.4,-0.001765,-0.004505
,,834.2,-0.001775,-0.004548
,,835.0,-0.001790,-0.004578
,,835.8,-0.001808,-0.004598
,,836.6,-0.001828,-0.004610
,,837.4,-0.001849,-0.004615
,,838.2,-0.001867,-0.004617
,,839.0,-0.001883,-0.004616
,,839.8,-0.001893,-0.004615
,,840.6,-0.001898,-0.004616
,,841.4,-0.001898,-0.004620
,,842.2,-0.001892,-0.004627
,,843.0,-0.001881,-0.004639
,,843.8,-0.001868,-0.004657
,,844.6,-0.001853,-0.004681
,,845.4,-0.001839,-0.004714
,,846.2,-0.001828,-0.004756
,,847.0,-0.001820,-0.004810
,,847.8,-0.001818,-0.004876
,,848.6,-0.001822,-0.004955
,,849.4,-0.001832,-0.005049
,,850.2,-0.001849,-0.005157
,,851.0,-0.001872,-0.005278
,,851.8,-0.001899,-0.005409
,,852.6,-0.001931,-0.005547
,,853.4,-0.001966,-0.005687
,,854.2,-0.002005,-0.005825
,,855.0,-0.002045,-0.005954
,,855.8,-0.002088,-0.006068
,,856.6,-0.002134,-0.006162
,,857.4,-0.002181,-0.006230
,,858.2,-0.002231,-0.006268
,,859.0,-0.002281,-0.006274
,,859.8,-0.002330,-0.006246
,,860.6,-0.002375,-0.006184
,,861.4,-0.002413,-0.006088
,,862.2,-0.002441,-0.005963
,,863.1,-0.002453,-0.005811
,,863.9,-0.002446,-0.005638
,,864.7,-0.002416,-0.005450
,,865.5,-0.002359,-0.005252
,,866.3,-0.002276,-0.005051
,,867.1,-0.002167,-0.004854
,,867.9,-0.002035,-0.004667
,,868.7,-0.001884,-0.004495
,,869.5,-0.001722,-0.004342
,,870.3,-0.001556,-0.004211
,,871.1,-0.001395,-0.004105
,,871.9,-0.001247,-0.004023
,,872.7,-0.001121,-0.003965
,,873.5,-0.001021,-0.003927
,,874.3,-0.000953,-0.003905
,,875.1,-0.000916,-0.003896
,,875.9,-0.000910,-0.003892
,,876.7,-0.000932,-0.003889
,,877.5,-0.000975,-0.003881
,,878.3,-0.001033,-0.003865
,,879.1,-0.001098,-0.003836
,,879.9,-0.001163,-0.003794
,,880.7,-0.001223,-0.003737
,,881.5,-0.001270,-0.003667
,,882.3,-0.001303,-0.003586
,,883.1,-0.001320,-0.003496
,,883.9,-0.001320,-0.003401
,,884.7,-0.001304,-0.003303
,,885.5,-0.001272,-0.003205
,,886.3,-0.001227,-0.003109
,,887.1,-0.001168,-0.003016
,,887.9,-0.001097,-0.002925
,,888.7,-0.001013,-0.002837
,,889.5,-0.000915,-0.002749
,,890.3,-0.000802,-0.002662
,,891.1,-0.000674,-0.002574
,,891.9,-0.000532,-0.002486
,,892.7,-0.000378,-0.002398
,,893.5,-0.000217,-0.002313
,,894.3,-0.000054,-0.002234
,,895.1,0.000101,-0.002165
,,895.9,0.000239,-0.002110
,,896.7,0.000347,-0.002073
,,897.5,0.000415,-0.002059
,,898.3,0.000432,-0.002072
,,899.1,0.000388,-0.002114
,,899.9,0.000278,-0.002186
,,900.7,0.000099,-0.002289
,,901.5,-0.000149,-0.002423
,,902.3,-0.000460,-0.002586
,,903.1,-0.000826,-0.002776
,,903.9,-0.001235,-0.002993
,,904.7,-0.001673,-0.003234
,,905.5,-0.002123,-0.003496
,,906.3,-0.002571,-0.003779
,,907.1,-0.002999,-0.004079
,,907.9,-0.003393,-0.004395
,,908.7,-0.003741,-0.004723
,,909.5,-0.004034,-0.005059
,,910.3,-0.004266,-0.005397
,,911.1,-0.004434,-0.005730
,,911.9,-0.004538,-0.006049
,,912.7,-0.004582,-0.006344
,,913.5,-0.004573,-0.006605
,,914.3,-0.004520,-0.006822
,,915.1,-0.004434,-0.006986
,,915.9,-0.004326,-0.007089
,,916.7,-0.004209,-0.007129
,,917.5,-0.004095,-0.007103
,,918.3,-0.003996,-0.007016
,,919.1,-0.003920,-0.006875
,,919.9,-0.003877,-0.006695
,,920.7,-0.003872,-0.006489
,,921.5,-0.003909,-0.006278
,,922.3,-0.003990,-0.006081
,,923.1,-0.004115,-0.005919
,,923.9,-0.004282,-0.005812
,,924.7,-0.004488,-0.005775
,,925.5,-0.004729,-0.005821
,,926.3,-0.005004,-0.005958
,,927.1,-0.005308,-0.006188
,,927.9,-0.005639,-0.006507
,,928.7,-0.005995,-0.006906
,,929.5,-0.006374,-0.007373
,,930.3,-0.006772,-0.007890
,,931.1,-0.007189,-0.008438
,,931.9,-0.007620,-0.008999
,,932.7,-0.008060,-0.009552
,,933.5,-0.008503,-0.010083
,,934.3,-0.008942,-0.010576
,,935.1,-0.009369,-0.011024
,,935.9,-0.009775,-0.011422
,,936.7,-0.010155,-0.011771
,,937.5,-0.010502,-0.012077
,,938.3,-0.010813,-0.012350
,,939.1,-0.011090,-0.012604
,,939.9,-0.011337,-0.012854
,,940.7,-0.011562,-0.013119
,,941.5,-0.011777,-0.013414
,,942.3,-0.011997,-0.013754
,,943.1,-0.012237,-0.014154
,,943.9,-0.012512,-0.014620
,,944.7,-0.012839,-0.015157
,,945.5,-0.013227,-0.015764
,,946.3,-0.013686,-0.016434
,,947.1,-0.014219,-0.017156
,,947.9,-0.014823,-0.017914
,,948.7,-0.015493,-0.018689
,,949.5,-0.016218,-0.019459
,,950.3,-0.016984,-0.020202
,,951.1,-0.017777,-0.020898
,,951.9,-0.018580,-0.021527
,,952.7,-0.019379,-0.022075
,,953.5,-0.020160,-0.022532
,,954.2,-0.020913,-0.022894
,,955.0,-0.021630,-0.023163
,,955.8,-0.022308,-0.023349
,,956.6,-0.022943,-0.023464
,,957.4,-0.023537,-0.023529
,,958.2,-0.024091,-0.023564
,,959.0,-0.024608,-0.023592
,,959.8,-0.025090,-0.023634
,,960.6,-0.025539,-0.023710
,,961.4,-0.025955,-0.023833
,,962.2,-0.026337,-0.024010
,,963.0,-0.026683,-0.024243
,,963.8,-0.026990,-0.024524
,,964.6,-0.027254,-0.024840
,,965.4,-0.027472,-0.025170
,,966.2,-0.027642,-0.025491
,,967.0,-0.027762,-0.025777
,,967.8,-0.027832,-0.026003
,,968.6,-0.027855,-0.026146
,,969.4,-0.027834,-0.026190
,,970.2,-0.027776,-0.026126
,,971.0,-0.027686,-0.025951
,,971.8,-0.027574,-0.025672
,,972.6,-0.027448,-0.025305
,,973.4,-0.027313,-0.024871
,,974.2,-0.027175,-0.024396
,,975.0,-0.027040,-0.023909
,,975.8,-0.026907,-0.023438
,,976.6,-0.026776,-0.023008
,,977.4,-0.026644,-0.022642
,,978.2,-0.026506,-0.022354
,,979.0,-0.026358,-0.022152
,,979.8,-0.026193,-0.022037
,,980.6,-0.026009,-0.022005
,,981.4,-0.025802,-0.022046
,,982.2,-0.025575,-0.022147
,,983.0,-0.025333,-0.022293
,,983.8,-0.025084,-0.022469
,,984.5,-0.024840,-0.022662
,,985.3,-0.024615,-0.022861
,,986.1,-0.024423,-0.023059
,,986.9,-0.024280,-0.023251
,,987.7,-0.024197,-0.023434
,,988.5,-0.024183,-0.023609
,,989.3,-0.024240,-0.023774
,,990.1,-0.024366,-0.023931
,,990.9,-0.024550,-0.024078
,,991.7,-0.024776,-0.024212
,,992.5,-0.025022,-0.024327
,,993.3,-0.025262,-0.024415
,,994.1,-0.025470,-0.024465
,,994.9,-0.025616,-0.024463
,,995.7,-0.025677,-0.024396
,,996.5,-0.025631,-0.024248
,,997.3,-0.025464,-0.024005
,,998.1,-0.025170,-0.023652
,,998.9,-0.024749,-0.023179
,,999.7,-0.024211,-0.022580
,,1000.5,-0.023573,-0.021855
