Spectral irradiance under different WG filters [mW m^(-2) nm^(-1)],,,,,,,Legend,,
Experiment in the HMGU sun simulator for estimating polychromatic action spectra,,,,,,,Position of numbers in figure,,
lambda [nm],E_WG295,E_WG305,E_WG320,E_WG335,E_WG360,E_Sanalux,x pos,y pos,number
250,0.03293,0.01666,0.01422,0.01461,0.03229,0.01560,280,0.2, 1
251,-0.00188,0.00496,0.00565,0.01669,0.01001,-0.00256,286,0.2, 2
252,0.02705,-0.01693,-0.01377,0.00452,0.00215,0.00404,293,0.2, 3
253,0.00317,-0.01269,-0.00198,0.01635,0.00916,-0.00006,308,0.2, 4
254,-0.00397,0.00256,-0.00816,0.00251,0.00235,0.01423,320,0.2, 5
255,-0.00184,0.00779,0.00506,0.00208,0.00789,0.00905,340,0.2, 6
256,-0.00982,0.00478,0.00756,-0.00930,0.00284,-0.00032,,,
257,0.00319,0.00613,0.00013,-0.00311,0.00725,0.01275,,,
258,0.00078,-0.00183,0.00234,0.01041,0.00561,0.00302,,,
259,-0.00777,0.00712,-0.00153,0.00044,-0.00120,0.00408,,,
260,0.00201,-0.00649,-0.00019,-0.00146,0.00457,0.00617,,,
261,0.00033,-0.00259,0.00289,-0.00361,0.00569,-0.00098,,,
262,-0.00618,0.00224,-0.00451,0.00365,0.00067,0.00759,,,
263,0.00653,-0.00343,-0.00567,0.00044,0.00151,-0.00058
264,0.00088,0.00515,0.00232,0.00728,0.00281,0.00015
265,0.00531,0.00072,0.00147,-0.00077,0.00634,0.00030
266,-0.00094,0.00177,0.00038,0.00304,0.00593,0.01045
267,0.00012,-0.00034,-0.00361,0.00052,0.00088,0.00131
268,0.00964,0.00194,0.00221,-0.00303,0.00458,0.00051
269,0.00229,0.00118,-0.00123,-0.00109,0.00558,0.00516
270,0.00306,0.00318,-0.00402,0.00862,-0.00302,0.00725
271,-0.00286,-0.00310,0.00022,-0.00080,0.00298,0.00194
272,0.00292,0.00318,0.00007,0.00007,0.00056,0.00245
273,-0.00176,-0.00011,-0.00650,0.00174,0.00107,-0.00355
274,0.00515,0.00077,0.00000,-0.00095,0.00123,0.00398
275,0.00129,-0.00208,-0.00118,0.00079,0.00257,0.00167
276,0.00312,-0.00011,-0.00216,0.00772,0.00307,0.00733
277,-0.00559,0.00043,0.00679,0.00129,0.00625,0.00561
278,-0.00328,0.00450,-0.00618,0.00170,0.00407,0.00911
279,0.00438,-0.00167,-0.00352,-0.00142,-0.00224,0.01753
280,0.00106,0.00219,-0.00515,0.00305,-0.00183,0.03557
281,0.00588,0.00362,-0.00217,0.00054,-0.00536,0.06422
282,0.00422,0.00365,-0.00116,-0.00520,0.00137,0.12152
283,0.00339,-0.00469,-0.00280,0.00485,0.00294,0.20314
284,0.00167,-0.00228,-0.00325,-0.00271,-0.00196,0.35019
285,0.01151,0.00230,-0.00174,-0.00255,-0.00268,0.62366
286,0.02192,-0.00288,0.00047,-0.00311,0.00297,0.97933
287,0.04575,0.00674,-0.00665,-0.00099,0.00454,1.51466
288,0.09263,0.03068,-0.00495,0.00131,-0.00137,2.29455
289,0.19198,0.06430,-0.00452,0.00418,0.00192,3.66769
290,0.36830,0.13171,-0.00340,-0.00313,-0.00068,4.93761
291,0.65784,0.24721,-0.00450,0.00526,-0.00090,7.06410
292,1.09164,0.46745,0.00027,0.00294,-0.00087,9.88120
293,1.78228,0.82417,-0.00240,-0.00187,0.00000,13.35428
294,2.82332,1.42060,0.00217,-0.00131,0.00026,17.87520
295,4.24761,2.28543,-0.00340,0.00288,-0.00026,23.04037
296,6.72822,3.84316,-0.00676,0.00132,-0.00152,30.68535
297,9.33026,5.61790,-0.00079,0.00112,0.00020,37.72642
298,12.93281,8.14176,-0.00230,0.00014,0.00386,45.14315
299,17.12820,11.35178,-0.00173,0.00080,0.00505,54.68356
300,22.68650,15.58338,-0.00338,0.00318,0.00106,66.53683
301,28.61596,20.41977,-0.00161,0.00302,0.00180,75.72473
302,39.01458,28.64890,-0.00210,0.00406,0.00347,96.16359
303,45.66089,34.60686,0.00358,0.00052,0.00085,104.79701
304,55.69287,43.18686,0.02006,-0.00091,0.00461,120.82489
305,67.05499,53.18940,0.06386,0.00357,0.00305,134.31749
306,78.06224,63.27173,0.17210,0.00121,0.00172,154.09869
307,94.45080,77.99979,0.43687,0.00033,0.00528,168.12943
308,105.63319,88.21694,0.88358,-0.00006,-0.00089,184.37812
309,123.19231,105.11476,1.81301,0.00343,0.00330,201.92555
310,140.09760,120.91567,3.27448,0.00554,0.00189,221.18409
311,154.17684,134.96244,5.61124,0.00523,0.00083,238.74886
312,212.12234,187.83350,11.51684,0.00161,0.00559,317.04631
313,268.26549,239.75622,19.46686,0.00810,0.00019,394.81557
314,202.73048,182.83567,20.08079,0.00729,0.00576,286.00240
315,220.29329,200.51970,28.31544,0.01034,-0.00297,296.72791
316,230.72264,211.13565,37.32746,0.04241,0.00286,313.18125
317,251.40472,232.37245,49.87158,0.14163,0.00392,328.97076
318,258.06891,239.67592,61.26103,0.38885,0.01059,337.85679
319,264.78467,246.95258,73.62190,0.96458,0.00063,343.44702
320,275.18882,257.94565,87.84637,2.08574,0.00208,350.32116
321,287.55887,271.03023,104.88713,4.17629,-0.00367,357.58154
322,299.31722,283.28141,122.19836,7.68246,0.00220,371.97914
323,324.93834,308.69033,146.11422,13.46006,0.00088,398.23709
324,308.27617,294.13725,150.96355,19.25852,0.00281,371.82583
325,312.28239,298.71452,165.65214,28.17061,-0.00145,372.99541
326,309.42552,296.74788,175.76818,38.20744,-0.00038,363.59869
327,307.36301,295.58341,185.68897,49.59373,0.00139,366.54312
328,315.84949,304.58112,202.17423,64.70219,0.00656,365.27748
329,305.42886,294.69043,204.76499,76.51789,-0.00177,357.22288
330,317.18567,306.99520,223.13931,95.43671,0.00204,360.30598
331,308.05058,298.42615,225.11068,108.63119,0.00109,351.56994
332,300.66098,292.69099,228.18404,121.66191,0.00379,346.77884
333,300.22484,292.51636,235.21096,136.53351,0.00628,337.95908
334,329.08078,321.46186,265.15627,165.43799,0.00996,367.37407
335,297.47495,290.11799,245.33776,162.34787,0.02200,333.89006
336,308.67191,302.59880,261.57605,182.67032,0.05977,339.50084
337,299.45648,293.97566,258.64477,189.01493,0.12475,333.10422
338,308.39533,303.27788,271.22450,206.18655,0.29668,336.33763
339,355.08002,350.65695,318.83537,250.48336,0.75780,384.20496
340,346.99997,340.41780,314.81699,253.46639,1.32018,378.60390
341,393.24723,390.53499,364.13979,300.31046,2.85349,427.32774
342,420.17348,415.20298,392.39146,330.56386,5.06290,461.40349
343,381.32671,377.81759,360.34882,306.13223,7.06804,410.33755
344,388.65861,384.33641,368.41910,319.42971,10.90615,412.34596
345,457.94450,456.06401,440.04658,386.53127,18.97818,488.75593
346,434.65773,431.77557,418.81627,371.20093,24.38585,459.63786
347,424.31524,422.40766,413.57737,370.77895,32.30814,455.24542
348,409.91908,408.56257,400.64685,364.12063,40.77859,437.81443
349,430.96627,430.50655,426.34691,389.14569,54.59556,458.30639
350,456.29177,457.37047,455.91829,417.56801,71.80559,487.08676
351,725.40401,726.90470,732.91285,669.52366,142.76144,763.76277
352,935.29849,941.95212,944.87990,869.54738,214.20639,980.94379
353,917.18900,920.76451,922.91016,851.61648,240.49260,952.54472
354,630.44938,633.41461,637.65183,591.67570,187.82619,663.71497
355,533.52812,534.29831,539.31029,502.68308,179.09029,560.14849
356,522.94705,523.47971,532.37141,496.62651,196.74208,551.49545
357,525.06126,529.22951,535.39948,503.54861,217.54006,557.51454
358,551.61794,551.61716,559.13051,521.72320,247.56294,576.78069
359,587.52206,591.75534,601.47773,562.43114,286.01607,618.10624
360,588.92884,590.80437,602.06186,565.63132,303.00328,615.91291
361,536.43214,539.12100,547.98072,515.70588,293.31049,563.54454
362,605.05979,610.06677,619.11280,586.15924,352.62541,634.01690
363,635.26897,639.28296,649.82157,611.68168,385.23558,663.75061
364,886.61028,893.05870,913.80068,871.61976,564.20466,926.60776
365,1272.58709,1282.54165,1315.66583,1243.98749,825.73843,1336.20149
366,950.80131,952.88401,976.37172,924.85051,642.86829,985.91723
367,891.51294,902.38033,922.33828,871.94953,627.97144,941.20650
368,797.19636,805.46811,822.42697,778.99588,572.86614,833.38746
369,829.09665,836.26816,858.87229,812.14288,614.64357,862.39798
370,775.40830,786.27881,804.39782,757.74151,586.13607,808.55616
371,629.46643,642.18863,657.03219,622.39744,487.70259,660.21189
372,669.15562,678.97488,695.91479,659.58021,526.34928,694.86524
373,650.31714,657.69847,677.55463,645.73436,520.06093,677.84707
374,631.71499,638.06909,657.92928,623.50543,514.75749,658.27227
375,632.63575,640.32750,660.65883,627.96441,519.52828,659.53086
376,637.82816,646.08599,666.87601,630.70759,532.26128,661.32417
377,524.84893,526.61610,550.78648,514.82631,440.05372,533.80839
378,310.08413,308.86898,326.86138,308.62711,262.88111,306.22644
379,273.34302,272.87333,286.45012,270.81423,235.67957,269.98201
380,190.90790,191.00235,201.37033,189.24320,166.50057,190.87973
381,159.58460,160.27519,168.35016,159.28730,139.75207,160.70640
382,200.77413,201.78725,213.25354,200.87494,175.61836,202.15527
383,273.99623,276.37845,288.57381,271.92260,241.32320,280.54166
384,331.29454,334.36901,347.27431,329.73808,290.89064,336.51729
385,278.08907,280.42917,292.13787,277.22368,245.49435,281.46324
386,262.04532,265.52206,275.62749,261.56860,233.20318,267.79922
387,396.98245,401.35516,418.40402,395.67310,356.42669,408.08059
388,427.87875,431.75820,447.62528,426.88865,380.85818,433.51237
389,435.43842,441.72027,457.16078,434.24989,389.62498,445.44432
390,329.84713,333.81246,345.48017,328.67954,296.25431,337.92054
391,395.41041,396.62968,413.01654,391.98245,356.77797,404.79019
392,395.61638,398.89404,410.89200,392.77594,353.03372,401.35317
393,362.91464,365.37201,380.57079,361.50277,327.12573,372.24531
394,415.57577,420.29042,435.21225,413.41996,378.26173,425.03378
395,471.80694,479.68989,494.43247,470.12238,429.10937,488.08247
396,458.58134,463.79161,478.80732,455.93302,416.35794,470.31837
397,439.29719,445.39558,457.76294,435.32692,398.36190,449.77045
398,419.15607,423.44978,435.40988,414.26989,378.10657,428.36030
399,459.94517,463.67093,478.36977,456.00471,417.34233,470.84137
400,498.46471,507.85990,521.46436,497.22444,455.48387,513.97717
401,502.32709,507.84111,522.39853,501.99617,457.67425,517.04449
402,517.28006,525.49437,538.57263,514.75801,471.49986,534.76467
403,598.98062,606.39857,624.06073,594.74162,544.80464,620.77248
404,895.42041,903.36677,928.58831,893.00183,802.94114,936.75104
405,1035.68902,1046.19604,1072.97238,1028.23224,931.40788,1081.72150
406,758.37541,767.68596,786.30731,753.05495,685.33064,789.85451
407,614.08112,623.22366,635.95808,613.10148,558.02757,637.49740
408,666.39662,678.24690,690.73785,662.23289,607.25112,692.00777
409,731.78412,745.28519,756.27452,725.81840,668.15033,757.36617
410,857.84571,869.20712,891.62312,848.94064,785.78671,890.21784
411,866.98708,879.59260,900.90215,857.68283,791.75312,895.28460
412,804.65475,818.13559,835.71942,798.50034,736.17523,836.98829
413,878.78356,883.96009,904.95429,868.71777,800.36661,911.73647
414,853.13352,869.53623,887.63588,846.91170,785.91948,892.65503
415,756.16493,774.81384,784.55584,751.98972,698.64042,793.23510
416,844.47196,855.18340,871.93736,835.40826,771.50500,879.76300
417,948.63316,968.41510,981.96442,939.14855,870.40810,993.22801
418,983.08679,1002.89478,1018.42003,979.07158,904.21112,1024.66572
419,1064.11217,1087.62013,1107.43027,1062.26317,975.71466,1109.91497
420,1146.32459,1163.54808,1185.99093,1133.01538,1050.89872,1190.70643
421,1238.46087,1253.15016,1280.72499,1224.28683,1129.53579,1273.88192
422,1287.31848,1305.37205,1330.54546,1275.11312,1177.80966,1337.27152
423,1111.17473,1129.25206,1146.32517,1093.85046,1019.61571,1147.69787
424,909.92515,924.45956,943.18198,904.25909,840.29068,945.76911
425,873.11257,886.67666,902.17858,866.57264,805.37220,907.11974
426,854.19485,870.44847,886.70216,851.56552,786.86927,885.68161
427,819.12424,835.00113,845.66475,816.99147,752.37759,852.08081
428,793.30516,807.91881,819.70408,784.58399,730.21446,822.08710
429,787.74133,801.47956,810.71738,783.00393,721.26033,811.65411
430,818.93040,831.79061,843.69829,813.69096,752.56469,845.89091
431,847.22221,860.18003,876.25743,838.34358,776.03351,875.84390
432,786.24291,799.53349,809.44106,778.99339,718.66165,814.79377
433,718.16569,734.51161,741.58672,713.04226,660.91384,743.83443
434,803.11859,812.94358,822.52303,802.38166,738.35464,826.67526
435,1748.50403,1759.15547,1785.90818,1731.16424,1560.82189,1827.38810
436,2351.03790,2384.54667,2427.55805,2333.53321,2092.80263,2478.85037
437,1493.96098,1523.80135,1570.07938,1484.35128,1343.57829,1584.27684
438,820.41041,833.43812,843.91144,811.46969,745.64928,843.78272
439,846.21656,859.64575,868.42642,838.46882,773.99085,874.29290
440,851.76376,869.25496,879.17537,844.97603,778.49157,879.34979
441,826.61984,843.25958,847.48554,819.75255,751.69636,848.41094
442,771.79679,789.40628,802.21325,768.06136,707.05021,802.44182
443,739.46123,753.23658,763.77073,733.51881,675.53573,765.71710
444,781.44926,798.62890,809.80934,775.44993,716.36605,811.15873
445,851.32230,867.55798,877.18935,840.59010,777.94002,879.93793
446,864.46344,875.87203,886.16768,857.22858,785.80805,892.01534
447,843.61618,856.80344,868.02672,838.00447,770.19692,873.23370
448,866.13698,879.13318,888.45660,858.22611,787.68799,893.56650
449,892.76422,912.92090,917.74714,881.69211,816.48998,924.32600
450,873.10016,893.31426,902.14015,867.12124,799.74043,903.40947
451,877.30839,893.84695,902.11626,865.33203,800.12771,902.04298
452,903.65539,920.79886,931.94216,891.36909,823.74707,937.79466
453,905.87802,926.08658,934.34079,898.47759,829.69209,940.41756
454,889.38827,907.21746,921.93370,885.14313,813.07109,924.80081
455,969.44298,988.85615,998.14073,964.09724,881.75479,1009.23848
456,1062.34613,1086.30876,1096.61828,1055.10152,973.55381,1099.14950
457,1003.31651,1023.95704,1034.69014,1000.01395,916.44220,1038.78034
458,973.91547,991.85690,1004.36158,963.31359,891.36612,1007.44179
459,1044.24530,1064.85885,1076.10264,1033.00142,958.39949,1085.70243
460,1066.88709,1084.30916,1090.38050,1053.68840,967.72125,1101.83661
461,1068.78858,1083.63037,1097.69109,1060.97700,974.87652,1103.87306
462,1037.82517,1063.17747,1068.29914,1034.49601,956.73145,1075.39913
463,998.48666,1015.38159,1026.98115,988.90434,917.62568,1035.73684
464,1004.43675,1023.54911,1030.00264,995.00457,921.36772,1042.18186
465,968.20458,984.09006,995.82093,957.69559,888.12477,1001.26382
466,970.76465,983.56427,998.53751,956.75735,885.35252,1000.52910
467,1056.32438,1075.33293,1080.79788,1039.21655,972.76543,1089.93068
468,1095.70988,1111.88639,1120.09189,1076.48544,1000.60376,1128.75937
469,1041.51534,1061.42126,1071.37425,1023.22952,953.63552,1078.03417
470,970.28911,990.19515,994.54244,959.07756,885.47815,999.88709
471,954.27296,976.86103,985.67038,939.36471,875.28955,992.37888
472,1048.31583,1073.40011,1076.98356,1035.10169,955.89176,1088.75230
473,1085.57207,1102.81851,1114.75840,1062.79774,992.55857,1115.29877
474,1007.00640,1024.98990,1034.63961,995.16350,917.38074,1040.25034
475,958.10185,978.28530,983.05988,942.25880,875.26962,992.75513
476,926.54918,944.44755,949.40734,911.02275,842.73539,959.52528
477,944.13594,960.16475,971.70553,929.38931,859.78821,981.18495
478,1037.28363,1050.88821,1059.81625,1012.83768,942.33425,1069.39088
479,1024.42547,1046.33977,1048.23617,1012.20394,935.78450,1060.41378
480,934.85146,951.39682,961.03086,916.83990,854.07881,966.78921
481,945.62784,971.90296,975.03093,932.49018,869.16548,985.58464
482,1046.86532,1064.88371,1071.71828,1024.49749,950.62856,1084.29660
483,1077.00853,1097.84847,1102.80053,1057.20013,981.54319,1111.15172
484,991.76377,1009.00939,1014.55263,973.28617,902.11332,1015.99151
485,883.36902,897.68060,900.13400,865.37716,804.72289,916.05851
486,862.27857,877.15358,884.08168,849.64488,789.80482,904.18088
487,947.41064,967.91965,977.66653,935.83615,871.12750,990.60627
488,1031.63103,1052.89267,1060.99235,1014.82409,955.15620,1068.14911
489,1011.92010,1025.85758,1033.73532,988.89275,924.12002,1038.30800
490,926.57772,940.67265,948.32420,908.25416,842.47737,949.40764
491,902.34322,925.07948,925.88428,892.48404,828.16492,936.90548
492,934.54282,951.00282,953.61231,915.87464,855.11949,964.88147
493,966.89127,983.14092,985.94949,952.04578,882.09829,997.63666
494,991.18474,1014.77640,1015.97595,976.38987,910.67949,1027.40536
495,976.86325,986.05687,995.05069,953.87893,883.99337,1002.90899
496,914.08194,931.05123,940.83355,905.49739,836.08927,944.80278
497,906.13808,921.10836,927.09648,890.16964,824.96532,931.16663
498,931.99542,947.53969,950.72825,912.86386,850.15495,957.12981
499,960.56202,969.93684,975.92081,943.60733,870.07066,990.70018
500,961.68448,978.43480,983.22060,946.92812,876.60294,994.15069
501,958.37865,973.34494,977.53550,944.60954,872.03918,991.72148
502,1014.51033,1030.08841,1033.28391,995.93631,925.50160,1047.99694
503,1143.49589,1166.30706,1170.50911,1121.68508,1038.71076,1183.05121
504,1264.64238,1281.64916,1289.25220,1244.23409,1149.06227,1306.36156
505,1259.66924,1275.29815,1280.90853,1235.22383,1146.52585,1302.84517
506,1255.89959,1272.15603,1276.16997,1229.80880,1143.77620,1291.18881
507,1238.08020,1258.00481,1267.46398,1224.99828,1135.10228,1280.05357
508,1059.99711,1076.10744,1082.95434,1038.85213,964.00573,1095.82558
509,914.08815,932.84724,932.44379,899.76658,834.27749,946.82761
510,934.71613,946.45144,950.09343,909.22194,852.02868,962.09156
511,1041.10216,1060.58598,1066.67468,1023.24186,949.83888,1083.61648
512,1134.01115,1152.28958,1151.47717,1104.96857,1029.68810,1169.93432
513,1078.01468,1098.18665,1101.03923,1059.47265,981.70490,1126.03789
514,1000.06890,1019.88365,1023.15205,984.54383,910.86798,1040.71663
515,1057.98813,1073.96336,1076.01145,1032.38659,963.84284,1097.98633
516,1126.61250,1147.57204,1148.39396,1101.33761,1028.45833,1167.48747
517,1129.54529,1144.39229,1153.05306,1108.30566,1028.98368,1172.87405
518,1137.14882,1155.58117,1159.51616,1115.60974,1032.21496,1182.53258
519,1098.42304,1112.96429,1120.02719,1075.57232,1002.31164,1142.89047
520,1045.23975,1065.08866,1069.89418,1025.80857,950.45195,1091.84548
521,1070.73802,1086.85449,1096.69185,1051.90043,976.20137,1114.09057
522,1109.08294,1122.32460,1131.36260,1080.70769,1003.21884,1157.26879
523,1096.76059,1116.82966,1119.57594,1081.97273,999.86514,1137.75468
524,980.52402,997.70504,1008.09854,971.82736,894.47691,1023.93145
525,934.56355,949.45297,954.13251,916.90879,850.40223,970.13467
526,998.17710,1018.06928,1022.77495,985.55722,910.76504,1038.06350
527,1024.44287,1042.25858,1038.18023,1003.19264,925.99075,1064.23121
528,993.75168,1011.86819,1016.18164,982.96793,905.82851,1032.34410
529,1070.45807,1085.18808,1089.95368,1055.51130,968.50253,1113.14468
530,1272.96145,1289.29629,1292.12764,1253.57728,1162.17419,1327.00184
531,1331.32576,1354.90959,1359.27696,1307.30503,1213.91552,1383.86433
532,1237.38507,1258.71291,1266.84829,1221.11423,1125.54155,1293.99757
533,1368.50815,1385.70906,1391.66323,1350.64550,1241.77918,1433.45631
534,2492.97767,2491.64935,2546.54874,2419.48323,2244.01165,2594.63731
537,3235.44989,3288.51690,3310.23632,3152.15462,2956.97806,3314.39141
538,2438.62749,2473.72638,2514.67517,2388.90388,2232.15837,2531.71954
539,2096.50574,2120.24566,2136.75060,2034.78163,1908.46959,2152.62845
540,1729.91550,1752.39759,1760.57290,1689.94711,1582.15366,1792.06267
541,1463.14174,1497.64831,1500.39053,1435.03361,1339.58795,1517.30948
542,1313.59994,1330.77659,1333.98289,1285.20098,1194.12596,1359.27178
543,1166.73720,1188.83065,1197.80613,1145.79430,1063.25026,1217.20746
544,1120.25456,1130.65788,1142.21722,1089.04422,1018.84030,1161.80779
545,1686.02219,1699.96641,1727.15783,1650.69651,1510.63342,1762.07423
546,2248.29875,2273.26507,2301.03144,2203.49912,2022.97856,2349.18636
547,1741.26833,1772.43488,1760.48372,1710.33597,1572.39031,1807.38060
548,1102.19160,1123.08208,1126.13348,1084.11766,1001.80713,1147.85635
549,1123.94555,1141.44923,1142.63188,1100.52828,1020.42084,1171.94175
550,1163.96423,1178.20611,1186.75128,1141.41436,1054.61728,1212.65703
551,1112.25236,1121.30723,1126.31127,1084.61075,1000.57405,1150.67645
552,1046.01387,1060.88603,1062.80500,1021.54654,949.66387,1091.33215
553,1090.59450,1109.62763,1113.24151,1069.39286,994.06294,1131.90138
554,1183.11966,1196.92842,1202.01587,1156.47090,1077.33226,1219.73230
555,1235.50472,1253.75375,1254.48368,1205.81941,1115.87141,1276.40500
556,1247.70574,1259.19135,1267.98889,1214.71478,1128.53108,1293.65596
557,1238.66629,1262.03419,1265.72384,1217.75801,1127.81162,1289.94679
558,1207.53453,1223.36556,1226.08650,1177.35636,1091.85166,1253.04530
559,1146.54220,1164.69909,1165.44523,1122.41571,1040.66768,1190.54655
560,1132.89548,1146.66641,1148.16867,1107.60678,1025.31432,1175.46120
561,1181.50952,1196.37700,1206.70868,1150.01032,1069.45647,1219.96566
562,1244.82490,1265.11674,1266.38496,1216.92340,1133.04991,1308.11182
563,1354.99711,1376.18615,1379.50489,1327.42563,1234.84005,1414.74225
564,1427.98593,1450.12649,1454.50310,1399.66639,1292.39558,1486.71809
565,1371.13760,1394.94439,1393.39173,1338.53243,1244.68485,1425.45940
566,1306.41319,1327.22968,1333.21442,1275.70864,1187.58495,1358.13227
567,1403.87387,1430.32410,1433.20480,1369.04316,1282.70847,1469.14348
568,1487.64448,1511.32183,1516.32037,1452.91746,1345.40414,1543.16769
569,1399.30342,1423.39427,1426.57106,1366.21137,1266.49412,1458.06696
570,1288.04731,1309.90264,1319.76420,1257.66285,1164.99927,1333.11816
571,1306.15934,1328.36254,1332.10764,1274.86062,1190.95162,1356.81992
572,1370.20286,1396.57526,1399.53540,1340.33187,1245.96481,1427.71271
573,1321.81373,1351.31562,1353.48086,1295.55959,1200.91854,1377.50416
574,1276.18566,1294.97035,1297.69275,1250.86692,1156.21678,1324.08779
575,1365.51442,1390.70698,1401.66029,1341.96467,1244.84496,1422.80129
576,1609.93681,1637.19734,1648.76244,1579.64713,1472.89910,1690.65316
577,1670.29522,1693.49495,1705.64722,1631.90492,1510.75004,1739.46223
578,1469.07911,1491.86981,1497.42851,1434.33694,1322.97684,1525.86759
579,1421.61519,1439.75981,1450.08832,1393.70013,1286.32039,1482.92501
580,1426.03335,1443.72296,1448.21555,1394.58487,1289.94396,1481.47580
581,1285.16402,1306.58490,1304.33002,1254.15986,1163.77818,1337.64903
582,1204.66626,1221.97839,1222.26216,1174.86639,1090.95387,1250.82361
583,1187.73732,1205.71739,1204.00495,1160.90965,1075.67011,1235.59886
584,1208.60369,1230.66330,1222.06855,1182.81951,1096.96792,1260.32752
585,1285.04873,1304.35896,1303.20606,1248.73367,1165.82397,1334.70975
586,1369.55028,1386.32018,1388.34411,1338.90153,1237.79936,1435.02131
587,1333.20920,1350.39989,1352.43944,1297.95336,1202.48108,1388.81812
588,1308.57266,1326.74447,1329.67539,1276.33205,1185.56997,1360.57321
589,1429.07160,1452.39887,1448.85543,1392.45637,1285.36678,1484.35578
590,1423.14156,1443.32927,1449.56371,1388.40652,1285.78491,1474.68467
591,1348.08690,1376.16159,1374.96687,1323.29735,1226.03095,1411.94878
592,1403.59576,1428.23773,1434.54847,1379.55461,1274.47499,1466.50946
593,1455.65202,1471.68243,1480.45383,1427.82534,1314.19991,1514.46952
594,1484.42616,1505.72924,1512.72883,1452.16692,1340.57854,1545.44660
595,1466.86865,1488.87769,1492.24017,1434.16049,1326.66186,1530.27917
596,1476.03937,1504.95911,1500.34419,1452.34961,1344.46402,1544.27428
597,1746.11118,1768.05076,1777.93905,1714.59206,1587.38278,1829.22550
598,1915.81969,1945.04660,1955.61804,1878.19757,1743.04833,2001.93951
599,1724.23920,1756.11930,1767.68367,1682.66979,1565.87968,1799.22672
600,1542.17087,1564.21227,1573.02885,1512.88702,1397.43123,1607.77915
601,1502.22386,1518.03441,1519.61543,1467.44026,1356.87074,1563.29781
602,1400.33086,1427.40929,1433.14353,1377.07508,1269.18549,1467.59930
603,1332.12528,1360.30703,1360.62723,1305.54456,1205.73362,1390.74933
604,1330.56545,1359.61232,1358.32129,1307.65051,1203.51152,1384.58481
605,1316.93924,1334.14907,1345.18939,1289.01354,1186.83599,1376.27875
606,1293.92946,1319.46315,1324.04610,1268.06820,1175.20791,1348.95293
607,1348.72400,1365.51844,1371.44590,1316.12264,1223.36809,1403.51823
608,1506.48889,1534.35193,1538.00064,1474.64517,1365.95655,1578.81742
609,1551.77435,1574.52230,1580.87834,1513.97228,1409.04102,1615.28073
610,1438.38105,1464.67636,1471.08162,1410.06279,1309.71296,1505.95736
611,1391.58828,1410.27100,1413.32815,1354.56213,1253.78775,1447.22915
612,1395.68041,1423.04213,1426.46232,1364.89823,1265.48335,1464.42142
613,1417.22388,1437.23975,1442.76137,1382.71340,1281.36780,1472.79981
614,1366.88025,1392.94134,1395.37367,1341.86138,1237.38466,1421.67197
615,1407.54427,1426.79361,1429.59349,1370.79512,1269.41430,1466.86552
616,1534.74316,1559.78904,1567.90250,1497.70315,1388.46470,1601.63115
617,1551.42312,1575.24911,1584.13941,1515.15038,1400.40545,1612.29927
618,1487.39762,1507.12584,1514.29975,1446.50597,1341.52696,1545.11427
619,1410.48339,1434.66093,1442.59983,1377.64493,1268.42415,1474.79263
620,1397.83238,1424.72998,1423.27600,1361.84745,1263.10108,1463.66504
621,1405.07142,1424.49119,1430.72017,1371.36127,1263.75768,1473.56415
622,1335.38073,1355.29698,1366.73044,1302.18660,1201.98969,1401.28429
623,1269.08604,1288.02381,1293.59374,1232.69541,1143.32807,1331.48602
624,1228.49960,1249.10771,1253.22931,1197.02506,1104.97469,1290.06469
625,1384.64664,1412.98431,1419.02967,1357.82006,1252.90699,1468.96451
626,1534.48104,1564.55636,1571.78965,1504.78617,1391.84437,1619.80567
627,1361.55273,1386.10814,1391.86331,1329.70711,1231.22889,1427.72938
628,1161.52802,1182.76125,1186.62181,1132.95935,1044.67978,1218.28073
629,1172.03590,1197.67813,1206.61407,1152.99827,1068.04152,1241.48118
630,1272.15339,1298.41423,1307.82111,1251.37966,1151.95353,1342.54844
631,1273.89690,1292.02960,1300.30760,1244.33233,1148.67474,1334.67187
632,1212.12727,1241.55869,1245.53588,1188.26373,1098.11282,1277.77250
633,1230.67893,1256.70447,1262.71035,1208.25669,1119.10186,1296.59971
634,1278.63402,1309.68570,1314.12162,1255.24422,1162.62624,1349.14273
635,1278.15683,1300.46901,1310.20526,1250.57054,1154.15399,1337.99589
636,1234.45505,1252.41854,1262.21686,1205.46811,1109.25345,1289.93883
637,1270.37051,1295.45161,1297.50740,1237.88809,1143.86742,1330.99714
638,1278.97440,1300.12005,1305.92474,1247.87747,1153.89585,1337.67877
639,1197.06614,1224.62640,1221.28567,1169.08801,1079.44687,1256.06627
640,1173.08188,1191.59745,1202.95934,1142.78326,1061.70659,1230.31873
641,1241.09144,1260.55830,1271.98456,1214.42994,1120.19802,1298.98051
642,1260.60792,1278.95993,1281.09384,1224.75699,1138.68647,1315.34471
643,1176.76313,1193.08504,1201.67557,1147.55504,1064.79898,1225.54393
644,1121.79669,1139.96214,1142.12465,1091.95303,1008.18914,1173.62437
645,1287.19788,1301.16685,1309.02446,1246.59984,1152.01675,1344.55645
646,1449.41831,1471.38127,1479.72721,1409.88451,1309.43956,1509.66512
647,1310.63783,1330.13551,1339.88440,1275.63017,1185.82164,1367.27822
648,1157.74438,1172.46887,1181.39288,1126.06385,1037.86427,1202.69513
649,1123.52861,1145.61443,1151.47393,1094.68145,1018.65735,1174.15880
650,1071.73603,1088.54090,1098.98725,1044.03026,965.15227,1117.99785
651,1051.24457,1070.02757,1075.06690,1028.79625,948.77663,1094.11797
652,1084.63200,1102.65770,1115.59933,1059.67294,977.09258,1125.51554
653,1130.00486,1143.11343,1158.09485,1100.50997,1014.99061,1176.95591
654,1248.84621,1267.74887,1268.22138,1216.71119,1128.97022,1305.84050
655,1448.73977,1466.85680,1474.48505,1407.73747,1304.91405,1505.79835
656,1383.04221,1406.64128,1415.79196,1342.10456,1243.53330,1428.97849
657,1233.05562,1253.40718,1260.19105,1200.58955,1111.59076,1275.71523
658,1391.42025,1405.65496,1413.50866,1355.09649,1250.70681,1455.22124
659,1497.28865,1516.09946,1531.44525,1451.74600,1348.94520,1559.55620
660,1505.56514,1522.53939,1535.02056,1468.62058,1354.45878,1566.82557
661,1408.56444,1436.78936,1445.86166,1371.26682,1268.61456,1464.60622
662,1247.31180,1274.77355,1275.79059,1213.74704,1123.39362,1293.21900
663,1188.46603,1211.51140,1216.63258,1154.66568,1067.77508,1240.14335
664,1154.46527,1175.15755,1180.84792,1117.73593,1040.31133,1197.46370
665,1124.94888,1143.74427,1148.96521,1094.14480,1014.43727,1176.19160
666,1304.43526,1323.96204,1328.71178,1266.43661,1173.19939,1361.05769
667,1359.77083,1377.86073,1394.35461,1323.59042,1229.06046,1416.31148
668,1220.55901,1244.71594,1254.37874,1194.79123,1102.63595,1275.73044
669,1168.35949,1188.89795,1198.08625,1135.92982,1052.87404,1221.06589
670,1125.15198,1144.77973,1158.95544,1098.98119,1016.83427,1171.41687
671,1123.97912,1135.52853,1146.52814,1087.68004,1009.21553,1168.91919
672,1285.81870,1295.81764,1314.70496,1245.82174,1152.12537,1338.14862
673,1295.24967,1310.37783,1317.66181,1257.14831,1165.44379,1347.24417
674,1160.40906,1177.94227,1193.77888,1129.86675,1045.78138,1197.13557
675,1120.38290,1142.65714,1150.65304,1090.11230,1009.77170,1170.93441
676,1125.39800,1146.62455,1152.93514,1097.28669,1012.57058,1175.19231
677,1201.83411,1221.43532,1220.28221,1170.70222,1072.31039,1257.57854
678,1341.43490,1362.72125,1361.57053,1300.01216,1197.22263,1402.73399
679,1245.75584,1270.89169,1265.75013,1211.47918,1120.26544,1296.05489
680,1039.66219,1060.08465,1057.81537,1012.99908,942.27587,1078.27467
681,1012.29462,1028.01795,1033.07188,985.33976,909.71666,1056.21418
682,1105.50062,1123.32511,1128.89527,1077.09230,996.50948,1161.31714
683,1264.64552,1278.52015,1288.51001,1227.46066,1136.07123,1321.44009
684,1446.73458,1466.10783,1481.05303,1407.43391,1311.30431,1515.24551
685,1491.26209,1510.01528,1515.53092,1442.72361,1344.17595,1556.35321
686,1279.66152,1295.64561,1298.95264,1235.56663,1148.11193,1322.89784
687,1045.59443,1062.63901,1065.38810,1019.75215,942.95867,1089.41689
688,1004.89076,1019.76018,1025.81811,976.80348,904.84153,1041.43301
689,1029.46658,1043.79005,1047.09545,999.16627,931.03667,1066.79374
690,1046.44469,1065.76520,1072.94142,1019.94750,947.81652,1093.61372
691,1049.98677,1063.28690,1071.59957,1019.50658,944.87651,1088.71636
692,986.45492,1002.55635,999.22489,958.69325,888.36391,1023.12039
693,1007.18417,1025.61151,1028.96190,976.47137,906.85589,1048.98078
694,1166.79458,1180.25954,1190.91945,1132.00926,1051.96583,1214.53052
695,1222.72452,1243.58547,1252.04264,1188.33159,1106.76606,1271.16527
696,1194.72407,1214.01499,1223.66050,1162.95023,1079.73326,1244.71001
697,1295.82950,1315.86497,1328.45878,1261.48240,1168.93629,1354.80609
698,1301.45437,1324.51259,1332.58299,1266.29004,1182.89505,1351.96187
699,1191.53938,1214.78121,1221.75376,1170.62137,1077.84655,1243.29394
700,1061.62418,1080.86432,1093.49076,1035.16848,959.60967,1104.62540
701,960.12971,977.72248,985.60893,933.43668,865.08658,1001.62175
702,938.62010,959.48271,964.39155,913.46176,848.00942,978.70482
703,892.47858,908.58514,922.21393,867.69868,802.85819,931.09846
704,844.77763,859.82172,862.32903,818.44983,757.85431,876.82844
705,841.09529,855.69892,858.87359,814.42711,754.69907,873.28547
706,848.79661,866.76492,870.61525,822.48529,763.33852,885.30805
707,835.64447,853.85763,861.01282,814.82895,755.33155,870.24083
708,833.75792,856.20850,858.84969,813.94817,753.94697,869.40198
709,817.42514,834.82174,840.84365,795.81268,735.81555,844.96549
710,773.61897,792.08248,800.29608,758.34543,697.95320,806.22002
711,788.32769,800.94936,807.57064,764.46300,707.10064,815.49821
712,832.83517,853.68972,859.21826,811.98014,753.00786,869.38812
713,827.29911,843.73014,851.48337,802.11843,742.24936,861.19874
714,790.78470,808.20002,815.38388,766.62032,710.47890,820.65994
715,799.31416,816.48107,825.39616,775.22089,719.61752,831.70615
716,845.71825,864.07761,870.92477,824.57432,765.00546,875.51538
717,852.85573,871.90748,878.51415,829.04044,767.06978,882.57320
718,788.75517,806.78742,817.02417,770.48615,709.95734,817.06912
719,762.75442,778.84255,782.31885,741.16816,685.49156,786.89909
720,835.96089,850.59210,860.06928,811.18674,753.51924,865.25796
721,913.98026,929.09393,936.09581,886.48442,821.36000,943.76899
722,912.86247,931.50876,937.63666,886.77442,823.33466,946.44735
723,863.76667,879.32870,888.80915,836.84523,776.05615,897.26040
724,837.62583,856.37978,863.66291,814.22818,758.08631,871.07378
725,822.03487,836.16673,844.84919,795.98691,739.76548,851.74143
726,797.77813,811.62188,817.70197,773.36350,719.88860,827.68400
727,798.11100,811.17019,820.63356,775.58766,721.58246,825.85389
728,829.10323,844.79395,851.10856,807.76686,750.29620,859.33882
729,813.57905,829.68512,838.84739,790.23885,735.58582,838.94507
730,764.01518,778.76637,788.24247,742.42481,688.33528,790.94207
731,729.52993,745.89777,752.79993,708.92144,659.75067,756.44372
732,714.93958,733.88037,738.76509,694.30337,646.58454,742.66607
733,716.64986,729.18394,729.08271,696.83696,641.57694,740.90489
734,711.60431,726.10850,731.31779,690.76639,637.27598,734.56988
735,696.67513,708.15733,716.12265,674.84745,621.50280,718.51560
736,690.27655,702.54891,710.10129,667.09426,615.93973,716.07785
737,746.01179,757.50875,757.82797,720.24871,663.54192,777.82647
738,805.44151,818.59799,824.09789,782.36263,720.28017,838.47466
739,767.09954,784.30995,787.92738,745.28418,687.00073,797.11573
740,746.90771,760.13847,762.02849,722.22391,666.55601,772.49801
741,770.06902,783.62889,784.64576,744.64302,686.93581,796.19958
742,768.16677,783.59042,786.81322,743.18855,686.70977,795.88299
743,740.19049,756.38932,762.02373,719.88233,663.69300,767.83582
744,708.68626,720.03602,727.08500,685.02955,634.53040,732.84497
745,684.45615,696.86800,701.85714,663.52513,613.91582,708.30189
746,676.40593,692.01024,697.08785,657.82842,605.97708,700.74495
747,705.91508,718.84248,725.05281,683.98792,633.33197,732.29723
748,832.78478,849.96546,853.96995,804.62268,747.43764,868.53739
749,874.13494,892.17111,897.56880,850.96331,789.52393,909.40520
750,783.07482,795.47491,801.67509,758.27307,705.07554,810.23998
751,708.79792,727.32142,726.77236,693.42945,636.11875,738.46010
752,686.19859,702.88807,704.43065,668.80688,618.08175,713.34464
753,703.70509,716.12131,722.40092,683.00996,630.82073,732.95689
754,843.88034,858.62166,862.56238,814.39601,755.91430,881.48169
755,1150.12930,1178.31235,1170.89536,1109.93006,1031.50982,1209.80419
756,1262.70653,1284.71855,1293.21981,1228.39670,1136.44902,1307.72234
757,997.91814,1017.88331,1025.93136,973.30870,907.11664,1029.24117
758,797.33518,812.79044,815.62907,773.51999,717.74148,829.10387
759,858.79490,875.90043,881.22575,829.42338,773.31669,896.24354
760,864.79363,884.23914,884.73330,841.72143,780.14132,901.07096
761,836.19890,854.76317,856.11312,811.89518,753.89317,873.24575
762,856.52088,870.48068,874.96162,831.35695,769.36700,888.51069
763,886.42165,900.33288,909.31384,858.77325,797.72428,922.63803
764,924.22449,943.57326,948.05208,899.85795,837.38952,962.49707
765,925.61129,942.45114,949.40684,902.36339,836.34262,964.48887
766,993.35575,1013.01761,1012.64282,963.39308,894.91652,1033.73554
767,930.72071,942.94710,944.66630,896.13996,828.18900,953.87104
768,778.86413,792.14517,797.41863,752.49508,695.52556,799.54986
769,797.93464,811.93758,819.53941,773.32739,719.77894,827.10092
770,809.98015,819.99769,825.72227,780.33308,723.97012,833.38222
771,835.14878,848.12319,856.28485,805.01190,748.78486,860.99768
772,886.18510,902.67198,910.80857,860.27510,800.17608,916.90685
773,867.51767,880.45625,883.52636,837.25164,776.13538,889.15509
774,774.71648,784.11794,790.38598,744.94131,691.06299,797.20889
775,708.69639,722.25088,729.83249,685.95010,635.93965,731.47607
776,693.52906,702.46284,709.04613,665.07792,618.13015,712.19970
777,666.72746,681.20693,686.51615,647.66082,598.98955,690.58800
778,706.66100,719.76644,727.18494,682.42559,634.28523,732.67402
779,740.04919,755.79605,759.85971,715.66454,665.71064,765.16132
780,741.37735,755.70065,761.43010,716.63441,663.06896,769.20922
781,865.23121,880.23751,889.34888,839.77137,776.34614,900.12933
782,921.67401,942.29755,950.27211,895.82362,833.76537,961.50989
783,788.78627,804.64240,809.73904,764.43313,710.72502,813.54000
784,719.62656,734.20688,739.16426,698.33666,644.48116,745.06644
785,730.51698,741.03928,746.75174,708.56686,656.64940,754.18186
786,701.99078,716.19861,720.52275,680.36728,632.89957,728.41132
787,663.37542,678.32364,680.23167,644.92616,595.72947,683.46441
788,640.75660,655.21636,655.87322,619.72127,576.11778,657.03595
789,634.07454,650.33503,654.40007,615.77898,572.86468,655.71271
790,650.72636,665.73155,665.73104,631.53085,584.88123,672.03932
791,672.38965,685.37702,694.39673,653.26607,604.31596,693.84922
792,764.55120,779.06929,788.74869,743.70139,687.23476,789.42170
793,877.23185,896.89055,901.51601,852.17351,792.16343,910.41548
794,893.08046,908.97274,912.94573,868.84101,804.20415,928.57750
795,785.73981,800.54322,802.18768,758.18451,705.67975,807.73178
796,694.18205,710.76319,713.73906,673.34591,625.43845,715.04858
797,744.16513,756.03404,762.18876,719.98253,669.12716,767.40414
798,777.96803,797.10110,797.10044,756.55385,700.21064,808.45189
799,708.17928,725.58090,728.87285,690.30409,632.60422,731.69434
800,669.47365,680.22540,684.13529,645.52036,598.75576,689.85726
801,854.45810,860.01537,867.59607,824.63683,767.18594,880.21849
802,1015.41722,1030.07350,1034.26099,981.91032,914.54903,1054.72423
803,902.98424,923.54628,930.58078,876.46559,812.78675,938.38457
804,724.76772,738.23275,741.03773,701.75922,651.04884,746.01639
805,683.22712,693.82906,698.54793,661.72512,610.58473,709.10380
806,676.13584,685.59137,692.98751,653.88300,603.51807,695.28610
807,749.53715,761.38216,766.39630,728.09660,670.63190,775.71500
808,909.63087,923.22507,929.79510,883.86621,814.40415,952.19000
809,965.19794,983.52127,989.40375,938.82253,867.56672,1005.88134
810,904.23740,920.58751,923.10243,876.00180,807.67518,940.03513
811,801.26941,816.42440,819.54210,775.52030,719.33398,835.30193
812,681.31082,694.40987,697.57150,658.94442,607.16043,707.66813
813,650.58989,662.55207,668.10378,629.31553,577.80114,673.28355
814,678.39577,688.11956,694.03609,655.37193,599.54485,699.56518
815,685.41903,698.55298,703.26799,663.77332,611.58530,706.77356
816,658.72494,672.53959,676.21171,640.18143,588.78245,685.60572
817,633.62223,645.40597,647.85297,612.49251,564.09983,652.25958
818,622.21622,636.27705,640.68286,604.49201,555.48104,644.07731
819,631.47604,645.03861,649.91753,611.07439,562.49794,652.25903
820,621.45176,634.98628,637.93703,602.71851,555.41428,637.08056
821,595.61375,605.83131,610.36149,574.32327,527.77574,611.33033
822,585.96435,597.05306,602.87311,564.98239,521.19098,603.06189
823,579.87015,597.02860,600.11648,565.33573,522.34830,599.20113
824,593.79085,605.94068,611.30173,574.12506,531.02312,609.01233
825,612.30623,625.36315,629.67460,595.66712,550.47979,630.52349
826,647.76692,660.43789,666.45451,628.55658,580.83450,664.56918
827,652.09586,665.66196,670.71648,630.13769,580.28167,672.71635
828,612.34179,625.89468,631.70394,591.44626,545.83117,628.42633
829,583.92774,596.27869,599.43796,564.52589,522.03814,598.68237
830,577.37089,590.44257,595.55173,556.62200,514.27672,591.32036
831,601.27400,613.28689,617.65571,579.72783,534.81874,618.13097
832,739.13679,753.02733,764.49924,715.53874,660.80557,768.25277
833,803.10272,821.93467,829.40040,778.14892,723.21087,828.15788
834,694.76185,705.55467,713.69743,668.90590,618.14352,708.96629
835,586.68576,599.01218,603.98048,566.61424,522.11928,603.44468
836,587.99433,602.99953,604.34422,569.31868,526.83978,606.44910
837,592.12697,604.55515,610.36999,574.26865,528.99538,608.74546
838,593.82531,607.03638,608.92212,576.82248,530.09136,611.80720
839,593.56403,609.27345,614.29198,577.40310,531.18704,614.69792
840,596.25424,611.28278,615.83696,581.89382,535.25366,619.85658
841,660.85766,674.83326,681.94193,643.30990,596.20976,683.62435
842,744.23108,760.05057,763.26279,721.46851,671.33303,770.05862
843,697.44162,710.81864,717.50969,677.09486,623.36267,717.92652
844,658.38010,672.65262,677.76999,640.31571,590.53813,681.03255
845,682.14935,697.50826,698.62225,661.74046,609.84401,699.13254
846,666.34089,680.36964,683.29105,645.56335,595.33747,681.71443
847,675.30653,688.12205,696.97668,658.49895,607.58195,694.23483
848,730.85401,748.01560,752.78242,710.17178,658.74363,751.51331
849,746.22479,760.49139,768.79049,721.97097,669.59783,771.62356
850,858.50821,872.01062,876.51204,835.96945,771.60539,884.04327
