Extraterrestrial Solar Irradiance [mW m^(-2) nm^(-1)],,,
lambda (nm),"E_S,5800K",lambda (nm),"E_S,Wehrli85"
188.24,65.1,199.5,5
189.08,67.5,200.5,7
189.91,70.0,201.5,7
190.74,72.5,202.5,8
191.57,75.0,203.5,9
192.41,77.7,204.5,9
193.24,80.3,205.5,10
194.07,83.1,206.5,10
194.91,85.9,207.5,11
195.74,88.8,208.5,15
196.57,91.7,209.5,24
197.40,94.7,210.5,28
198.24,97.8,211.5,34
199.07,100.9,212.5,30
199.90,104.1,213.5,32
200.73,107.3,214.5,41
201.57,110.6,215.5,37
202.40,114.0,216.5,34
203.23,117.4,217.5,36
204.06,120.9,218.5,45
204.90,124.5,219.5,48
205.73,128.2,220.5,48
206.56,131.8,221.5,39
207.39,135.6,222.5,51
208.23,139.5,223.5,66
209.06,143.3,224.5,58
209.89,147.3,225.5,54
210.72,151.3,226.5,41
211.56,155.4,227.5,41
212.39,159.5,228.5,54
213.22,163.8,229.5,48
214.05,168.0,230.5,56
214.88,172.3,231.5,50
215.72,176.8,232.5,55
216.55,181.3,233.5,46
217.38,185.8,234.5,39
218.21,190.4,235.5,57
219.04,195.0,236.5,49
219.88,199.8,237.5,53
220.71,204.6,238.5,42
221.54,209.4,239.5,46
222.37,214.3,240.5,43
223.20,219.3,241.5,52
224.03,224.3,242.5,72
224.87,229.4,243.5,65
225.70,234.6,244.5,62
226.53,239.8,245.5,51
227.36,245.1,246.5,51
228.19,250.4,247.5,57
229.02,255.8,248.5,45
229.86,261.3,249.5,58
230.69,266.8,250.5,59
231.52,272.3,251.5,47
232.35,278.0,252.5,44
233.18,283.6,253.5,55
234.01,289.4,254.5,61
234.84,295.1,255.5,89
235.67,301.0,256.5,107
236.51,306.9,257.5,129
237.34,312.9,258.5,134
238.17,318.9,259.5,108
239.00,325.0,260.5,102
239.83,331.1,261.5,103
240.66,337.2,262.5,121
241.49,343.4,263.5,175
242.32,349.7,264.5,274
243.15,356.0,265.5,280
243.99,362.4,266.5,260
244.82,368.8,267.5,270
245.65,375.3,268.5,260
246.48,381.8,269.5,252
247.31,388.3,270.5,293
248.14,394.9,271.5,232
248.97,401.6,272.5,215
249.80,408.2,273.5,204
250.63,415.0,274.5,137
251.46,421.7,275.5,200
252.29,428.5,276.5,258
253.12,435.4,277.5,240
253.95,442.3,278.5,166
254.78,449.2,279.5,89
255.62,456.2,280.5,112
256.45,463.2,281.5,231
257.28,470.3,282.5,307
258.11,477.3,283.5,330
258.94,484.4,284.5,244
259.77,491.6,285.5,141
260.60,498.8,286.5,320
261.43,506.0,287.5,371
262.26,513.2,288.5,307
263.09,520.5,289.5,456
263.92,527.8,290.5,623
264.75,535.1,291.5,600
265.58,542.5,292.5,545
266.41,549.9,293.5,545
267.24,557.3,294.5,509
268.07,564.7,295.5,548
268.90,572.2,296.5,492
269.73,579.7,297.5,531
270.56,587.2,298.5,413
271.39,594.7,299.5,485
272.22,602.3,300.5,403
273.05,609.9,301.5,445
273.88,617.5,302.5,484
274.71,625.1,303.5,631
275.54,632.7,304.5,610
276.37,640.4,305.5,580
277.20,648.0,306.5,575
278.03,655.7,307.5,645
278.86,663.4,308.5,613
279.68,671.0,309.5,484
280.51,678.8,310.0,495
281.34,686.5,310.4,507
282.17,694.3,310.8,588
283.00,702.0,311.2,707
283.83,709.8,311.6,747
284.66,717.6,312.0,707
285.49,725.4,312.4,644
286.32,733.2,312.8,663
287.15,741.0,313.2,710
287.98,748.8,313.6,691
288.81,756.7,314.0,689
289.64,764.5,314.4,722
290.47,772.3,314.8,673
291.29,780.0,315.2,695
292.12,787.9,315.6,765
292.95,795.7,316.0,675
293.78,803.6,316.4,569
294.61,811.4,316.8,623
295.44,819.2,317.2,749
296.27,827.1,317.6,830
297.10,834.9,318.0,813
297.93,842.7,318.4,673
298.76,850.6,318.8,642
299.58,858.3,319.2,768
300.41,866.1,319.6,759
301.24,873.9,320.0,712
302.07,881.7,320.4,778
302.90,889.5,320.8,844
303.73,897.3,321.2,847
304.56,905.1,321.6,736
305.38,912.8,322.0,695
306.21,920.6,322.4,773
307.04,928.3,322.8,758
307.87,936.1,323.2,646
308.70,943.8,323.6,603
309.53,951.5,324.0,604
310.36,959.2,324.4,618
311.18,966.8,324.8,654
312.01,974.5,325.2,646
312.84,982.2,325.6,682
313.67,989.8,326.0,852
314.50,997.5,326.4,1049
315.32,1005.0,326.8,1111
316.15,1012.6,327.2,1108
316.98,1020.2,327.6,1050
317.81,1027.7,328.0,965
318.64,1035.3,328.4,914
319.46,1042.7,328.8,913
320.29,1050.2,329.2,952
321.12,1057.7,329.6,1043
321.95,1065.2,330.0,1144
322.78,1072.6,330.4,1137
323.60,1080.0,330.5,1006
324.43,1087.4,331.5,968
325.26,1094.8,332.5,921
326.09,1102.1,333.5,905
326.92,1109.4,334.5,940
327.74,1116.7,335.5,982
328.57,1123.9,336.5,765
329.40,1131.2,337.5,866
330.23,1138.4,338.5,916
331.05,1145.5,339.5,937
331.88,1152.7,340.5,992
332.71,1159.9,341.5,936
333.54,1167.0,342.5,995
334.36,1174.0,343.5,985
335.19,1181.1,344.5,719
336.02,1188.1,345.5,967
336.85,1195.1,346.5,919
337.67,1202.0,347.5,902
338.50,1209.0,348.5,948
339.33,1215.9,349.5,865
340.15,1222.7,350.5,1119
340.98,1229.5,351.5,993
341.81,1236.4,352.5,871
342.64,1243.2,353.5,1115
343.46,1249.8,354.5,1133
344.29,1256.6,355.5,1058
345.12,1263.3,356.5,938
345.94,1269.9,357.5,891
346.77,1276.5,358.5,627
347.60,1283.1,359.5,1136
348.42,1289.6,360.5,979
349.25,1296.1,361.5,894
350.08,1302.6,362.5,1175
350.90,1309.0,363.5,958
351.73,1315.4,364.5,1015
352.56,1321.8,365.5,1263
353.39,1328.2,366.5,1249
354.21,1334.4,367.5,1214
355.04,1340.7,368.5,1088
355.86,1346.9,369.5,1331
356.69,1353.1,370.5,1075
357.52,1359.3,371.5,1307
358.34,1365.3,372.5,1065
359.17,1371.4,373.5,838
360.00,1377.5,374.5,878
360.82,1383.4,375.5,1141
361.65,1389.4,376.5,1101
362.48,1395.4,377.5,1291
363.30,1401.2,378.5,1341
364.13,1407.1,379.5,1000
364.96,1412.9,380.5,1289
365.78,1418.7,381.5,1096
366.61,1424.4,382.5,733
367.43,1430.1,383.5,684
368.26,1435.8,384.5,1027
369.09,1441.4,385.5,954
369.91,1446.9,386.5,1071
370.74,1452.5,387.5,966
371.56,1458.0,388.5,912
372.39,1463.4,389.5,1227
373.22,1468.9,390.5,1223
374.04,1474.2,391.5,1398
374.87,1479.6,392.5,955
375.69,1484.9,393.5,489
376.52,1490.1,394.5,1101
377.35,1495.4,395.5,1378
378.17,1500.5,396.5,650
379.00,1505.7,397.5,1040
379.82,1510.8,398.5,1538
380.65,1515.8,399.5,1655
381.47,1520.8,400.5,1649
382.30,1525.8,401.5,1796
383.12,1530.7,402.5,1803
383.95,1535.7,403.5,1658
384.78,1540.5,404.5,1602
385.60,1545.3,405.5,1672
386.43,1550.1,406.5,1624
387.25,1554.8,407.5,1545
388.08,1559.5,408.5,1824
388.90,1564.2,409.5,1706
389.73,1568.8,410.5,1502
390.55,1573.3,411.5,1819
391.38,1577.9,412.5,1791
392.20,1582.3,413.5,1758
393.03,1586.8,414.5,1739
393.85,1591.2,415.5,1736
394.68,1595.6,416.5,1844
395.50,1599.9,417.5,1667
396.33,1604.2,418.5,1686
397.15,1608.4,419.5,1703
397.98,1612.6,420.5,1760
398.80,1616.8,421.5,1799
399.63,1620.9,422.5,1584
400.45,1625.0,423.5,1713
401.28,1629.0,424.5,1770
402.10,1633.0,425.5,1697
402.93,1637.0,426.5,1700
403.75,1640.9,427.5,1571
404.58,1644.8,428.5,1589
405.40,1648.6,429.5,1477
406.23,1652.4,430.5,1136
407.05,1656.1,431.5,1688
407.88,1659.9,432.5,1648
408.70,1663.5,433.5,1733
409.53,1667.2,434.5,1672
410.35,1670.8,435.5,1725
411.17,1674.3,436.5,1931
412.00,1677.8,437.5,1808
412.82,1681.3,438.5,1569
413.65,1684.8,439.5,1827
414.47,1688.1,440.5,1715
415.30,1691.5,441.5,1933
416.12,1694.8,442.5,1982
416.94,1698.1,443.5,1911
417.77,1701.3,444.5,1975
418.59,1704.5,445.5,1823
419.42,1707.7,446.5,1893
420.24,1710.8,447.5,2079
421.07,1713.9,448.5,1975
421.89,1716.9,449.5,2029
422.71,1719.9,450.5,2146
423.54,1722.9,451.5,2111
424.36,1725.8,452.5,1943
425.19,1728.7,453.5,1972
426.01,1731.6,454.5,1981
426.83,1734.4,455.5,2036
427.66,1737.1,456.5,2079
428.48,1739.9,457.5,2102
429.30,1742.6,458.5,1973
430.13,1745.2,459.5,2011
430.95,1747.8,460.5,2042
431.78,1750.4,461.5,2057
432.60,1753.0,462.5,2106
433.42,1755.5,463.5,2042
434.25,1758.0,464.5,1978
435.07,1760.4,465.5,2044
435.89,1762.8,466.5,1923
436.72,1765.2,467.5,2017
437.54,1767.5,468.5,1996
438.36,1769.8,469.5,1992
439.19,1772.0,470.5,1879
440.01,1774.2,471.5,2020
440.83,1776.4,472.5,2043
441.66,1778.6,473.5,1993
442.48,1780.7,474.5,2053
443.30,1782.8,475.5,2018
444.13,1784.8,476.5,1958
444.95,1786.8,477.5,2077
445.77,1788.8,478.5,2011
446.60,1790.7,479.5,2078
447.42,1792.6,480.5,2037
448.24,1794.5,481.5,2092
449.07,1796.3,482.5,2025
449.89,1798.1,483.5,2021
450.71,1799.9,484.5,1971
451.53,1801.6,485.5,1832
452.36,1803.3,486.5,1627
453.18,1804.9,487.5,1832
454.00,1806.6,488.5,1916
454.83,1808.2,489.5,1962
455.65,1809.7,490.5,2009
456.47,1811.3,491.5,1898
457.29,1812.7,492.5,1898
458.12,1814.2,493.5,1890
458.94,1815.6,494.5,2060
459.76,1817.0,495.5,1928
460.58,1818.4,496.5,2019
461.41,1819.7,497.5,2020
462.23,1821.0,498.5,1868
463.05,1822.3,499.5,1972
463.87,1823.5,500.5,1859
464.70,1824.7,501.5,1814
465.52,1825.9,502.5,1896
466.34,1827.1,503.5,1936
467.16,1828.2,504.5,1871
467.99,1829.3,505.5,1995
468.81,1830.3,506.5,1963
469.63,1831.3,507.5,1908
470.45,1832.3,508.5,1921
471.27,1833.3,509.5,1918
472.10,1834.2,510.5,1949
472.92,1835.1,511.5,1999
473.74,1836.0,512.5,1869
474.56,1836.8,513.5,1863
475.39,1837.6,514.5,1876
476.21,1838.4,515.5,1902
477.03,1839.2,516.5,1671
477.85,1839.9,517.5,1728
478.67,1840.6,518.5,1656
479.49,1841.2,519.5,1830
480.32,1841.9,520.5,1833
481.14,1842.5,521.5,1908
481.96,1843.1,522.5,1825
482.78,1843.6,523.5,1896
483.60,1844.2,524.5,1960
484.43,1844.7,525.5,1932
485.25,1845.2,526.5,1676
486.07,1845.6,527.5,1830
486.89,1846.0,528.5,1899
487.71,1846.4,529.5,1920
488.53,1846.8,530.5,1954
489.35,1847.1,531.5,1965
490.18,1847.4,532.5,1773
491.00,1847.7,533.5,1925
491.82,1848.0,534.5,1860
492.64,1848.2,535.5,1992
493.46,1848.4,536.5,1873
494.28,1848.6,537.5,1884
495.10,1848.8,538.5,1906
495.93,1848.9,539.5,1834
496.75,1849.0,540.5,1772
497.57,1849.1,541.5,1883
498.39,1849.2,542.5,1827
499.21,1849.2,543.5,1881
500.03,1849.2,544.5,1881
500.85,1849.2,545.5,1903
501.67,1849.2,546.5,1881
502.49,1849.1,547.5,1835
503.31,1849.0,548.5,1865
504.14,1848.9,549.5,1897
504.96,1848.8,550.5,1864
505.78,1848.6,551.5,1873
506.60,1848.5,552.5,1848
507.42,1848.3,553.5,1884
508.24,1848.0,554.5,1900
509.06,1847.8,555.5,1899
509.88,1847.5,556.5,1823
510.70,1847.2,557.5,1848
511.52,1846.9,558.5,1789
512.34,1846.6,559.5,1810
513.16,1846.3,560.5,1845
513.98,1845.9,561.5,1826
514.80,1845.5,562.5,1852
515.63,1845.1,563.5,1863
516.45,1844.6,564.5,1856
517.27,1844.2,565.5,1800
518.09,1843.7,566.5,1831
518.91,1843.2,567.5,1889
519.73,1842.7,568.5,1812
520.55,1842.1,569.5,1862
521.37,1841.6,570.5,1772
522.19,1841.0,571.5,1825
523.01,1840.4,572.5,1894
523.83,1839.8,573.5,1878
524.65,1839.1,574.5,1869
525.47,1838.5,575.5,1832
526.29,1837.8,576.5,1848
527.11,1837.1,577.5,1859
527.93,1836.4,578.5,1786
528.75,1835.6,579.5,1830
529.57,1834.9,580.5,1840
530.39,1834.1,581.5,1855
531.21,1833.3,582.5,1875
532.03,1832.5,583.5,1859
532.85,1831.7,584.5,1862
533.67,1830.9,585.5,1786
534.49,1830.0,586.5,1832
535.31,1829.1,587.5,1850
536.13,1828.2,588.5,1752
536.95,1827.3,589.5,1614
537.77,1826.4,590.5,1815
538.59,1825.4,591.5,1789
539.41,1824.5,592.5,1810
540.22,1823.5,593.5,1798
541.04,1822.5,594.5,1776
541.86,1821.5,595.5,1785
542.68,1820.5,596.5,1807
543.50,1819.4,597.5,1783
544.32,1818.3,598.5,1760
545.14,1817.3,599.5,1777
545.96,1816.2,600.5,1748
546.78,1815.1,601.5,1753
547.60,1813.9,602.5,1721
548.42,1812.8,603.5,1789
549.24,1811.6,604.5,1779
550.06,1810.5,605.5,1766
550.88,1809.3,606.5,1762
551.70,1808.1,607.5,1760
552.51,1806.9,608.5,1745
553.33,1805.7,609.5,1746
554.15,1804.4,610.5,1705
554.97,1803.2,611.5,1748
555.79,1801.9,612.5,1707
556.61,1800.6,613.5,1685
557.43,1799.3,614.5,1715
558.25,1798.0,615.5,1715
559.07,1796.7,616.5,1611
559.88,1795.3,617.5,1709
560.70,1794.0,618.5,1726
561.52,1792.6,619.5,1709
562.34,1791.2,620.5,1736
563.16,1789.8,621.5,1692
563.98,1788.4,622.5,1715
564.80,1787.0,623.5,1668
565.62,1785.6,624.5,1658
566.43,1784.2,625.5,1634
567.25,1782.7,626.5,1699
568.07,1781.2,627.5,1699
568.89,1779.8,628.5,1699
569.71,1778.3,629.5,1679
570.53,1776.8,631.0,1641
571.34,1775.3,633.0,1653
572.16,1773.7,635.0,1658
572.98,1772.2,637.0,1656
573.80,1770.6,639.0,1653
574.62,1769.1,641.0,1616
575.44,1767.5,643.0,1623
576.25,1765.9,645.0,1629
577.07,1764.3,647.0,1605
577.89,1762.7,649.0,1560
578.71,1761.1,651.0,1608
579.53,1759.5,653.0,1601
580.34,1757.9,655.0,1534
581.16,1756.2,657.0,1386
581.98,1754.6,659.0,1551
582.80,1752.9,661.0,1573
583.62,1751.2,663.0,1557
584.43,1749.5,665.0,1562
585.25,1747.8,667.0,1537
586.07,1746.1,669.0,1548
586.89,1744.4,671.0,1518
587.71,1742.7,673.0,1523
588.52,1741.0,675.0,1512
589.34,1739.2,677.0,1510
590.16,1737.5,679.0,1500
590.98,1735.7,681.0,1494
591.79,1734.0,683.0,1481
592.61,1732.2,685.0,1457
593.43,1730.4,687.0,1469
594.25,1728.6,689.0,1463
595.06,1726.8,691.0,1450
595.88,1725.0,693.0,1450
596.70,1723.1,695.0,1438
597.52,1721.3,697.0,1418
598.33,1719.5,699.0,1427
599.15,1717.6,701.0,1388
599.97,1715.8,703.0,1390
600.79,1713.9,705.0,1417
601.60,1712.1,707.0,1402
602.42,1710.2,709.0,1386
603.24,1708.3,711.0,1387
604.05,1706.4,713.0,1375
604.87,1704.5,715.0,1368
605.69,1702.6,717.0,1355
606.51,1700.7,719.0,1329
607.32,1698.8,721.0,1332
608.14,1696.8,723.0,1349
608.96,1694.9,725.0,1351
609.77,1693.0,727.0,1347
610.59,1691.0,729.0,1320
611.41,1689.0,731.0,1327
612.22,1687.1,733.0,1319
613.04,1685.1,735.0,1310
613.86,1683.1,737.0,1308
614.67,1681.2,739.0,1279
615.49,1679.2,741.0,1259
616.31,1677.2,743.0,1287
617.12,1675.2,745.0,1280
617.94,1673.2,747.0,1284
618.76,1671.1,749.0,1271
619.57,1669.1,751.0,1263
620.39,1667.1,753.0,1260
621.21,1665.1,755.0,1256
622.02,1663.1,757.0,1249
622.84,1661.0,759.0,1241
623.66,1659.0,761.0,1238
624.47,1656.9,763.0,1242
625.29,1654.9,765.0,1222
626.10,1652.8,767.0,1186
626.92,1650.7,769.0,1204
627.74,1648.7,771.0,1205
628.55,1646.6,773.0,1209
629.37,1644.5,775.0,1189
630.19,1642.4,777.0,1197
631.00,1640.3,779.0,1188
631.82,1638.2,781.0,1188
632.63,1636.1,783.0,1177
633.45,1634.0,785.0,1181
634.27,1631.9,787.0,1178
635.08,1629.8,789.0,1175
635.90,1627.7,791.0,1159
636.71,1625.6,793.0,1144
637.53,1623.4,795.0,1135
638.35,1621.3,797.0,1153
639.16,1619.2,799.0,1136
639.98,1617.0,801.0,1143
640.79,1614.9,803.0,1130
641.61,1612.7,805.0,1116
642.42,1610.6,807.0,1121
643.24,1608.4,809.0,1096
644.06,1606.3,811.0,1115
644.87,1604.1,813.0,1116
645.69,1601.9,815.0,1108
646.50,1599.8,817.0,1105
647.32,1597.6,819.0,1065
648.13,1595.4,821.0,1081
648.95,1593.2,823.0,1074
649.76,1591.1,825.0,1076
650.58,1588.9,827.0,1077
651.40,1586.7,829.0,1073
652.21,1584.5,831.0,1069
653.03,1582.3,833.0,1034
653.84,1580.1,835.0,1053
654.66,1577.9,837.0,1052
655.47,1575.7,839.0,1042
656.29,1573.5,841.0,1045
657.10,1571.3,843.0,1028
657.92,1569.1,845.0,1033
658.73,1566.9,847.0,1025
659.55,1564.7,849.0,971
660.36,1562.4,851.0,1003
661.18,1560.2,853.0,973
661.99,1558.0,855.0,877
662.81,1555.8,857.0,1011
663.62,1553.6,859.0,997
664.44,1551.3,861.0,997
665.25,1549.1,863.0,999
666.07,1546.8,865.0,970
666.88,1544.6,867.0,880
667.70,1542.4,869.0,967
668.51,1540.1,871.0,986
669.33,1537.9,873.0,978
670.14,1535.7,875.0,981
670.95,1533.4,877.0,984
671.77,1531.2,879.0,959
672.58,1528.9,881.0,960
673.40,1526.7,883.0,948
674.21,1524.4,885.0,963
675.03,1522.2,887.0,947
675.84,1519.9,889.0,949
676.66,1517.7,891.0,944
677.47,1515.4,893.0,934
678.28,1513.2,895.0,936
679.10,1510.9,897.0,939
679.91,1508.6,899.0,912
680.73,1506.4,901.0,905
681.54,1504.1,903.0,905
682.36,1501.8,905.0,893
683.17,1499.6,907.0,891
683.98,1497.3,909.0,861
684.80,1495.0,911.0,870
685.61,1492.8,913.0,876
686.43,1490.5,915.0,866
687.24,1488.2,917.0,859
688.05,1486.0,919.0,858
688.87,1483.7,921.0,830
689.68,1481.4,923.0,821
690.50,1479.2,925.0,825
691.31,1476.9,927.0,828
692.12,1474.6,929.0,833
692.94,1472.3,931.0,826
693.75,1470.1,933.0,832
694.57,1467.8,935.0,818
695.38,1465.5,937.0,802
696.19,1463.3,939.0,808
697.01,1461.0,941.0,800
697.82,1458.7,943.0,784
698.63,1456.4,945.0,799
699.45,1454.1,947.0,793
700.26,1451.9,949.0,777
701.07,1449.6,951.0,778
701.89,1447.3,953.0,771
702.70,1445.1,955.0,760
703.51,1442.8,957.0,774
704.33,1440.5,959.0,771
705.14,1438.2,961.0,767
705.95,1436.0,963.0,767
706.77,1433.7,965.0,764
707.58,1431.4,967.0,757
708.39,1429.1,969.0,776
709.21,1426.8,971.0,763
710.02,1424.6,973.0,764
710.83,1422.3,975.0,750
711.65,1420.0,977.0,768
712.46,1417.8,979.0,768
713.27,1415.5,981.0,762
714.09,1413.2,983.0,766
714.90,1410.9,985.0,771
715.71,1408.7,987.0,756
716.52,1406.4,989.0,767
717.34,1404.1,991.0,764
718.15,1401.9,993.0,755
718.96,1399.6,995.0,756
719.78,1397.3,997.0,743
720.59,1395.0,999.0,743
721.40,1392.8,1002.5,745
722.21,1390.5,1007.5,737
723.03,1388.2,1012.5,734
723.84,1386.0,1017.5,721
724.65,1383.7,1022.5,704
725.46,1381.5,1027.5,708
726.28,1379.2,1032.5,688
727.09,1376.9,1037.5,692
727.90,1374.7,1042.5,681
728.71,1372.4,1047.5,685
729.53,1370.1,1052.5,661
730.34,1367.9,1057.5,650
731.15,1365.6,1062.5,642
731.96,1363.4,1067.5,643
732.78,1361.1,1072.5,638
733.59,1358.9,1077.5,630
734.40,1356.6,1082.5,620
735.21,1354.4,1087.5,614
736.03,1352.1,1092.5,612
736.84,1349.9,1097.5,599
737.65,1347.6,1102.5,608
738.46,1345.4,1107.5,601
739.27,1343.2,1112.5,603
740.09,1340.9,1117.5,589
740.90,1338.7,1122.5,579
741.71,1336.4,1127.5,569
742.52,1334.2,1132.5,566
743.33,1332.0,1137.5,563
744.15,1329.7,1142.5,557
744.96,1327.5,1147.5,556
745.77,1325.2,1152.5,545
746.58,1323.0,1157.5,554
747.39,1320.8,1162.5,540
748.20,1318.6,1167.5,530
749.02,1316.3,1172.5,533
749.83,1314.1,1177.5,525
750.64,1311.9,1182.5,514
751.45,1309.7,1187.5,512
752.26,1307.4,1192.5,511
753.07,1305.2,1197.5,502
753.89,1303.0,1202.5,496
754.70,1300.8,1207.5,494
755.51,1298.6,1212.5,489
756.32,1296.4,1217.5,500
757.13,1294.2,1222.5,481
757.94,1292.0,1227.5,481
758.75,1289.8,1232.5,484
759.57,1287.5,1237.5,477
760.38,1285.3,1242.5,477
761.19,1283.1,1247.5,466
762.00,1280.9,1252.5,474
762.81,1278.7,1257.5,463
763.62,1276.5,1262.5,444
764.43,1274.4,1267.5,438
765.24,1272.2,1272.5,439
766.06,1270.0,1277.5,453
766.87,1267.8,1282.5,435
767.68,1265.6,1287.5,437
768.49,1263.4,1292.5,442
769.30,1261.2,1297.5,438
770.11,1259.1,1302.5,438
770.92,1256.9,1307.5,429
771.73,1254.7,1312.5,419
772.54,1252.5,1317.5,416
773.35,1250.4,1322.5,416
774.16,1248.2,1327.5,411
774.98,1246.0,1332.5,405
775.79,1243.9,1337.5,400
776.60,1241.7,1342.5,398
777.41,1239.5,1347.5,394
778.22,1237.4,1352.5,387
779.03,1235.2,1357.5,382
779.84,1233.1,1362.5,378
780.65,1230.9,1367.5,370
781.46,1228.8,1372.5,369
782.27,1226.6,1377.5,368
783.08,1224.5,1382.5,364
783.89,1222.4,1387.5,364
784.70,1220.2,1392.5,358
785.51,1218.1,1397.5,357
786.32,1215.9,1402.5,353
787.13,1213.8,1407.5,350
787.94,1211.7,1412.5,346
788.75,1209.6,1417.5,344
789.56,1207.4,1422.5,343
790.37,1205.3,1427.5,348
791.18,1203.2,1432.5,337
791.99,1201.1,1437.5,331
792.80,1199.0,1442.5,327
793.61,1196.9,1447.5,318
794.42,1194.7,1452.5,323
795.23,1192.6,1457.5,307
796.04,1190.5,1462.5,317
796.85,1188.4,1467.5,311
797.66,1186.3,1472.5,311
798.47,1184.2,1477.5,307
799.28,1182.1,1482.5,303
800.09,1180.0,1487.5,298
800.90,1177.9,1492.5,303
801.71,1175.9,1497.5,300
802.52,1173.8,1502.5,296
803.33,1171.7,1507.5,295
804.14,1169.6,1512.5,290
804.95,1167.5,1517.5,290
805.76,1165.5,1522.5,286
806.57,1163.4,1527.5,290
807.38,1161.3,1532.5,282
808.19,1159.2,1537.5,274
809.00,1157.2,1542.5,275
809.81,1155.1,1547.5,274
810.62,1153.1,1552.5,273
811.43,1151.0,1557.5,272
812.24,1148.9,1562.5,269
813.05,1146.9,1567.5,263
813.86,1144.8,1572.5,260
814.67,1142.8,1577.5,259
815.47,1140.8,1582.5,255
816.28,1138.7,1587.5,252
817.09,1136.7,1592.5,246
817.90,1134.7,1597.5,246
818.71,1132.6,1602.5,247
819.52,1130.6,1607.5,242
820.33,1128.6,1612.5,244
821.14,1126.5,1617.5,243
821.95,1124.5,1622.5,240
822.76,1122.5,1627.5,244
823.57,1120.5,1632.5,241
824.37,1118.5,1637.5,237
825.18,1116.5,1642.5,234
825.99,1114.5,1647.5,235
826.80,1112.5,1652.5,234
827.61,1110.5,1657.5,234
828.42,1108.5,1662.5,233
829.23,1106.5,1667.5,229
830.04,1104.5,1672.5,228
830.84,1102.5,1677.5,220
831.65,1100.5,1682.5,221
832.46,1098.5,1687.5,219
833.27,1096.5,1692.5,219
834.08,1094.5,1697.5,214
834.89,1092.6,1702.5,217
835.70,1090.6,1707.5,212
836.50,1088.6,1712.5,203
837.31,1086.7,1717.5,212
838.12,1084.7,1722.5,205
838.93,1082.7,1727.5,196
839.74,1080.8,1732.5,190
840.55,1078.8,1737.5,189
841.35,1076.9,1742.5,191
842.16,1074.9,1747.5,185
842.97,1073.0,1752.5,187
843.78,1071.0,1757.5,189
844.59,1069.1,1762.5,184
845.40,1067.1,1767.5,182
846.20,1065.2,1772.5,177
847.01,1063.3,1777.5,173
847.82,1061.3,1782.5,171
848.63,1059.4,1787.5,170
849.44,1057.5,1792.5,169
850.24,1055.6,1797.5,173
851.05,1053.7,1802.5,169
851.86,1051.7,1807.5,168
852.67,1049.8,1812.5,160
853.48,1047.9,1817.5,160
854.28,1046.0,1822.5,159
855.09,1044.1,1827.5,156
855.90,1042.2,1832.5,156
856.71,1040.3,1837.5,150
857.51,1038.4,1842.5,153
858.32,1036.5,1847.5,151
859.13,1034.6,1852.5,148
859.94,1032.8,1857.5,145
860.74,1030.9,1862.5,143
861.55,1029.0,1867.5,143
862.36,1027.1,1872.5,135
863.17,1025.2,1877.5,135
863.97,1023.4,1882.5,140
864.78,1021.5,1887.5,138
865.59,1019.6,1892.5,137
866.40,1017.8,1897.5,138
867.20,1015.9,1902.5,133
868.01,1014.1,1907.5,136
868.82,1012.2,1912.5,138
869.63,1010.4,1917.5,136
870.43,1008.5,1922.5,134
871.24,1006.7,1927.5,132
872.05,1004.8,1932.5,132
872.85,1003.0,1937.5,131
873.66,1001.2,1942.5,129
874.47,999.3,1947.5,127
875.28,997.5,1952.5,126
876.08,995.7,1957.5,122
876.89,993.9,1962.5,126
877.70,992.0,1967.5,125
878.50,990.2,1972.5,125
879.31,988.4,1977.5,129
880.12,986.6,1982.5,125
880.92,984.8,1987.5,123
881.73,983.0,1992.5,121
882.54,981.2,1997.5,123
883.34,979.4,2002.5,116
884.15,977.6,2012.5,114
884.96,975.8,2022.5,113
885.76,974.0,2032.5,110
886.57,972.2,2042.5,107
887.38,970.4,2052.5,104
888.18,968.7,2062.5,100
888.99,966.9,2077.5,101
889.80,965.1,2092.5,98
890.60,963.3,2107.5,93
891.41,961.6,2122.5,87
892.22,959.8,2137.5,85
893.02,958.0,2152.5,81
893.83,956.3,2167.5,80
894.64,954.5,2182.5,75
895.44,952.8,2197.5,73
896.25,951.0,2212.5,75
897.05,949.3,2227.5,75
897.86,947.5,2247.5,72
898.67,945.8,2262.5,71
899.47,944.0,2282.5,69
900.28,942.3,2302.5,66
901.09,940.6,2322.5,53
901.89,938.8,2342.5,58
902.70,937.1,2362.5,65
903.50,935.4,2382.5,55
904.31,933.7,2402.5,54
905.12,931.9,2422.5,57
905.92,930.2,2442.5,51
906.73,928.5,2467.5,53
907.53,926.8,2492.5,54
908.34,925.1,2517.5,47
909.15,923.4,2542.5,46
909.95,921.7,2567.5,44
910.76,920.0,2592.5,42
911.56,918.3,2617.5,41
912.37,916.6,2642.5,39
913.17,914.9,2672.5,38
913.98,913.2,2702.5,36
914.78,911.6,2732.5,35
915.59,909.9,2762.5,34
916.40,908.2,2797.5,32
917.20,906.5,2832.5,31
918.01,904.9,2867.5,29
918.81,903.2,2907.5,28
919.62,901.5,2947.5,26
920.42,899.9,2987.5,25
921.23,898.2,3025.0,24
922.03,896.6,3075.0,23
922.84,894.9,3125.0,21
923.64,893.3,3175.0,20
924.45,891.6,3235.0,19
925.25,890.0,3295.0,18
926.06,888.3,3355.0,16
926.87,886.7,3425.0,15
927.67,885.1,3495.0,14
928.48,883.4,3575.0,13
929.28,881.8,3665.0,12
930.09,880.2,3755.0,11
930.89,878.6,3855.0,10
931.70,876.9,3965.0,9
932.50,875.3,4085.0,8
933.31,873.7,4225.0,7
934.11,872.1,4385.0,6
934.92,870.5,4575.0,5
935.72,868.9,4805.0,4
936.52,867.3,5085.0,3
937.33,865.7,5445.0,2
938.13,864.1,5925.0,2
938.94,862.5,6615.0,1
939.74,860.9,7785.0,1
940.55,859.3,10075.0,0
941.35,857.7,,
942.16,856.1,,
942.96,854.6,,
943.77,853.0,,
944.57,851.4,,
945.38,849.8,,
946.18,848.3
946.98,846.7
947.79,845.1
948.59,843.6
949.40,842.0
950.20,840.5
951.01,838.9
951.81,837.4
952.61,835.9
953.42,834.3
954.22,832.8
955.03,831.2
955.83,829.7
956.64,828.2
957.44,826.6
958.24,825.1
959.05,823.6
959.85,822.1
960.65,820.6
961.46,819.0
962.26,817.5
963.07,816.0
963.87,814.5
964.67,813.0
965.48,811.5
966.28,810.0
967.09,808.5
967.89,807.1
968.69,805.6
969.50,804.1
970.30,802.6
971.10,801.1
971.91,799.6
972.71,798.2
973.51,796.7
974.32,795.2
975.12,793.8
975.92,792.3
976.73,790.8
977.53,789.4
978.33,787.9
979.14,786.5
979.94,785.0
980.74,783.6
981.55,782.1
982.35,780.7
983.15,779.3
983.96,777.8
984.76,776.4
985.56,775.0
986.36,773.6
987.17,772.1
987.97,770.7
988.77,769.3
989.58,767.9
990.38,766.5
991.18,765.1
991.98,763.7
992.79,762.2
993.59,760.8
994.39,759.5
995.20,758.0
996.00,756.7
996.80,755.3
997.60,753.9
998.41,752.5
999.21,751.1
1000.00,749.8
1000.80,748.4
1001.60,747.0
1002.40,745.6
1003.20,744.3
1004.00,742.9
1004.80,741.6
1005.60,740.2
1006.40,738.8
1007.20,737.5
1008.00,736.1
1008.80,734.8
1009.60,733.5
1010.40,732.1
1011.20,730.8
1012.00,729.4
1012.80,728.1
1013.70,726.6
1014.50,725.3
1015.30,723.9
1016.00,722.8
1016.90,721.3
1017.70,720.0
1018.50,718.7
1019.30,717.4
1020.10,716.0
1020.90,714.7
1021.70,713.4
1022.50,712.1
1023.30,710.8
1024.10,709.5
